STATION_ID,STATION_NM,LOCAL_X,LOCAL_Y,target,level,level-target
406000404,향토오일시장,126.575167,33.267433000000004,0,1,1&0
406000405,대포동,126.43168200000001,33.242927,1,1,1&1
406000410,제석공원,126.56731,33.24612,2,1,1&2
406000411,서귀포 YWCA,126.565292,33.244572,2,1,1&2
406000490,서홍동복지회관,126.55038,33.263734,2,1,1&2
406000491,서홍동복지회관,126.551317,33.263667,2,1,1&2
406000494,서귀포항,126.564217,33.239883,2,1,1&2
406000497,남성마을,126.55423300000001,33.24295,2,1,1&2
406000500,서귀포칼호텔,126.58148899999999,33.246945000000004,2,1,1&2
406000502,천지연폭포(종점),126.56025,33.243107,2,1,1&2
406000505,열린병원,126.564674,33.25387,2,1,1&2
406000508,공업단지,126.581777,33.292367,3,1,1&3
406000511,동홍대림,126.57201699999999,33.255917,2,1,1&2
406000513,감산리,126.35693,33.260071999999994,4,1,1&4
406000520,창천초등학교,126.37104199999999,33.264759000000005,5,1,1&5
406000601,안덕계곡,126.352383,33.257858,4,1,1&4
406000604,세화1리취락구조,126.798273,33.327878999999996,6,1,1&6
406000615,토산1리 노인회관앞,126.76913799999998,33.328399,7,1,1&7
406000324,(구)중앙파출소,126.56089399999999,33.247597999999996,2,1,1&2
406000325,제주은행,126.56355900000001,33.248076,2,1,1&2
406000327,청소년문화의집,126.56505,33.250433,2,1,1&2
406000331,구 삼일금고,126.561683,33.2492,2,1,1&2
406000336,송산동주민센터,126.56560900000001,33.245375,2,1,1&2
406000338,서귀포중학교,126.568752,33.24765,2,1,1&2
406000347,주공 2단지,126.57251699999999,33.2548,2,1,1&2
406000353,동홍초등학교,126.570835,33.259231,2,1,1&2
406000356,거문머들,126.534199,33.256996,8,1,1&8
406000360,남문,126.52434199999999,33.252573999999996,8,1,1&8
406000361,남문,126.524207,33.252634,8,1,1&8
406000365,대평리사무소,126.366153,33.238195000000005,9,1,1&9
406000370,하예중동,126.384133,33.2416,10,1,1&10
406000373,가동거리,126.38788799999999,33.245371,10,1,1&10
406000374,예래초등학교,126.39076399999999,33.246297,10,1,1&10
406000377,벼락동산,126.392374,33.247831,10,1,1&10
406000379,정문동,126.393561,33.249641,10,1,1&10
406000387,서귀포항,126.5645,33.239767,2,1,1&2
406000393,하얏트호텔,126.405794,33.245109,1,1,1&1
406000395,동홍동청소년문화의집,126.56798300000001,33.265217,2,1,1&2
406000400,평생학습관,126.55806799999999,33.249503999999995,2,1,1&2
406000767,석수동,126.7548,33.320617,11,1,1&11
406000770,신흥2리사무소,126.745427,33.321735,12,1,1&12
406000771,신흥2리사무소,126.74536299999998,33.321591,12,1,1&12
406000777,평지동,126.226467,33.280783,13,1,1&13
406000779,평지동 옹기박물관,126.223817,33.282167,13,1,1&13
406000781,응전동,126.300367,33.28295,14,1,1&14
406000413,파인힐호텔,126.56464,33.241119,2,1,1&2
406000414,천지연폭포입구,126.56130900000001,33.241211,2,1,1&2
406000417,파인힐호텔,126.56453,33.241221,2,1,1&2
406000419,제석공원,126.566966,33.246083,2,1,1&2
406000423,서홍새마을금고,126.55801699999999,33.2641,2,1,1&2
406000426,앞거리,126.427697,33.258307,1,1,1&1
406000429,백구동네,126.42575,33.256367,1,1,1&1
406000430,백구동네,126.42595,33.256315,1,1,1&1
406000432,작박동네,126.423667,33.253267,1,1,1&1
406000434,천제연폭포,126.419533,33.253533000000004,1,1,1&1
406000436,중문환승정류장(중문우체국),126.42339199999999,33.25189,1,1,1&1
406000438,중문동,126.4269,33.25155,1,1,1&1
406000439,중문동,126.427467,33.251633,1,1,1&1
406000444,어두모루,126.43853700000001,33.251624,1,1,1&1
406000446,현대산부인과,126.5671,33.249183,2,1,1&2
406000448,서문로터리입구,126.55635,33.247267,2,1,1&2
406000452,서호새마을금고,126.52292,33.257271,8,1,1&8
406000459,효돈초등학교,126.616945,33.263583000000004,2,1,1&2
406000461,신협,126.613243,33.264204,2,1,1&2
406000464,항애골,126.640651,33.270878,15,1,1&15
406000465,대한목장,126.61406699999999,33.301496,16,1,1&16
406000466,대한목장,126.613949,33.301395,16,1,1&16
406000473,공업단지 입구,126.59041200000001,33.28412,2,1,1&2
406000474,공업단지 입구,126.590301,33.28351,2,1,1&2
406000479,동홍동청소년문화의집,126.567771,33.265,2,1,1&2
406000482,한국콘도입구,126.41022,33.250245,1,1,1&1
406000877,서의동,126.70448300000001,33.3009,90,1,1&90
406000879,원불교,126.7149,33.28485,17,1,1&17
406000880,남원2리,126.70787299999999,33.295103000000005,18,1,1&18
406000883,한남리사무소,126.69630900000001,33.311304,19,1,1&19
406000885,대전동,126.70025,33.313783,19,1,1&19
406000887,의귀서동네,126.71198000000001,33.309862,20,1,1&20
406000889,의귀리 월산동,126.72125,33.31255,20,1,1&20
406000898,무릉문화의 집,126.199483,33.272433,21,1,1&21
406000901,영락사통,126.207822,33.260712,22,1,1&22
406000903,영락리,126.210333,33.257083,22,1,1&22
406000629,무릉1리 사거리,126.203383,33.270633000000004,21,1,1&21
406000633,동일2리,126.23675,33.25765,23,1,1&23
406000636,새소망요양병원,126.36138799999999,33.27867,24,1,1&24
406000641,상천리사무소,126.37998700000001,33.307231,25,1,1&25
406000643,위미정수장,126.67211599999999,33.286264,15,1,1&15
406000645,고수동회관,126.756317,33.329367,11,1,1&11
406000654,하천리 몰고랑터,126.836899,33.353669000000004,26,1,1&26
406000657,하천 상동 회관앞,126.8389,33.3528,26,1,1&26
406000660,하천리 세골세,126.84005,33.349483,26,1,1&26
406000669,삼달1리,126.84816299999999,33.374058000000005,27,1,1&27
406000675,수산1리사거리,126.88276699999999,33.442383,28,1,1&28
406000679,고성리 장만이동산,126.900675,33.445347999999996,29,1,1&29
406000680,고성리노인회관,126.90875,33.446616999999996,29,1,1&29
406000682,그린카센터,126.82856699999999,33.316983,30,1,1&30
406000686,삼달1리삼거리,126.841392,33.371156,27,1,1&27
406000687,신풍리사거리,126.83538700000001,33.364576,26,1,1&26
406000692,가시리,126.76686699999999,33.36135,31,1,1&31
406000694,신풍리사거리,126.835283,33.364647,26,1,1&26
406000695,삼달1리,126.84318200000001,33.373974,27,1,1&27
406000696,성읍1리,126.80026200000002,33.392082,32,1,1&32
406000701,제주민속촌,126.842358,33.324740999999996,30,1,1&30
406000704,감산리서동,126.349523,33.256705,4,1,1&4
406000707,신흥리취락구조,126.764821,33.298726,33,1,1&33
406000709,고성리제주은행,126.916004,33.448681,29,1,1&29
406000712,하모2리,126.25276699999999,33.221467,34,1,1&34
406000716,대정농공단지입구,126.22026399999999,33.248071,35,1,1&35
406000718,불미거동산,126.74501399999998,33.31771,12,1,1&12
406000719,온천동,126.74616599999999,33.319033000000005,12,1,1&12
406000722,신흥2리,126.748733,33.315783,12,1,1&12
406000723,신흥농장,126.754421,33.312037,12,1,1&12
406000728,신흥1리사무소,126.766167,33.305033,33,1,1&33
406000729,남원농협 신흥지소,126.76703300000001,33.302383,33,1,1&33
406000731,거물여,126.8005,33.332267,6,1,1&6
406000738,남원리 월산동,126.7107,33.291616999999995,18,1,1&18
406000739,일과2리 서림수원지입구,126.22758600000002,33.243393,35,1,1&35
406000740,안덕초등학교,126.335067,33.250067,36,1,1&36
406000746,인성리(남문지앞사거리),126.27734,33.247903,37,1,1&37
406000747,서귀포자연휴양림,126.457509,33.311852,38,1,1&38
406000749,법정사입구,126.45845200000001,33.302803000000004,38,1,1&38
406000750,서귀포천문 과학문화관,126.45721699999999,33.288016999999996,39,1,1&39
406000752,수산1리사거리,126.8834,33.442683,28,1,1&28
406000755,가시리사무소,126.77151699999999,33.353033,31,1,1&31
406000757,가시리동하동,126.773899,33.350138,31,1,1&31
406000758,가시리동하동,126.773913,33.350253,31,1,1&31
406000761,토산1리 운동장입구,126.769099,33.332671000000005,7,1,1&7
406001047,신천리취락구조,126.853633,33.34805,40,1,1&40
406001052,신풍리하동,126.8653,33.363933,41,1,1&41
406001053,삼달교차로,126.868249,33.36868,41,1,1&41
406001057,신산환승정류장(성산농협신산지점),126.87569599999999,33.379929,42,1,1&42
406001059,신산리,126.87695,33.382333,42,1,1&42
406001060,신산리,126.87766699999999,33.383317,42,1,1&42
406001061,난산입구,126.88053799999999,33.385831,42,1,1&42
406001069,혼인지입구,126.898817,33.411017,43,1,1&43
406001073,신양리입구,126.909226,33.43415,29,1,1&29
406001075,성산읍사무소,126.9111,33.440967,29,1,1&29
406000785,덕수리 새마을금고,126.304374,33.256593,44,1,1&44
406000786,불미공방,126.304332,33.253494,44,1,1&44
406000789,제주조각공원,126.32131799999999,33.249008,45,1,1&45
406000790,골물동입구,126.33397099999999,33.250957,36,1,1&36
406000791,상수동,126.335247,33.256254999999996,36,1,1&36
406000793,상위미,126.655533,33.288333,46,1,1&46
406000799,한남섯동네,126.69165100000001,33.311456,19,1,1&19
406000800,한남섯동네,126.69046999999999,33.310956,19,1,1&19
406000801,동모루,126.716705,33.328078000000005,20,1,1&20
406000808,난산 앞 동산,126.874625,33.401553,47,1,1&47
406000810,난산 동 동네,126.87580200000001,33.402057,47,1,1&47
406000814,성산리입구,126.93131699999999,33.460667,48,1,1&48
406000816,성산일출봉입구,126.93303300000001,33.462717,48,1,1&48
406000818,성산리,126.93518799999998,33.465214,48,1,1&48
406000821,성산항입구,126.92955,33.4682,49,1,1&49
406000827,오조리,126.91305,33.467117,29,1,1&29
406000835,상수동,126.33511899999999,33.256274,36,1,1&36
406000837,신풍입구,126.820449,33.36105,50,1,1&50
406000838,하천리 마을입구,126.82377199999999,33.353994,50,1,1&50
406000842,표선고등학교,126.829752,33.331045,30,1,1&30
406000847,표선환승정류장(표선면사무소),126.83235,33.326583,30,1,1&30
406000849,표선초등학교,126.83543300000001,33.32875,30,1,1&30
406000854,관통사,126.82711699999999,33.32705,30,1,1&30
406000856,역지동,126.78306699999999,33.346866999999996,51,1,1&51
406000857,가시리동상동,126.77388300000001,33.353517,31,1,1&31
406000858,가시리동상동,126.77391499999999,33.353809000000005,31,1,1&31
406000859,가시리,126.766617,33.361436,31,1,1&31
406000862,성읍1리,126.79911000000001,33.386515,32,1,1&32
406000863,성읍1리,126.798973,33.386488,32,1,1&32
406001158,수산1리 노인회관,126.882667,33.4467,28,1,1&28
406001160,수산2리,126.86513400000001,33.439755,52,1,1&52
406001164,신양리,126.91631799999999,33.435807000000004,53,1,1&53
406001165,신양리,126.91621299999998,33.435595,53,1,1&53
406001171,감산입구,126.36220700000001,33.260853000000004,5,1,1&5
406001174,동홍 사거리,126.56831000000001,33.254496,2,1,1&2
406001177,대포항,126.43773700000001,33.239739,54,1,1&54
406001187,수산2리 입구,126.873848,33.438905,55,1,1&55
406000906,대수동,126.23389499999999,33.240010999999996,56,1,1&56
406000908,일과1리,126.23615,33.235085999999995,56,1,1&56
406000910,대정서초등학교,126.23816699999999,33.231783,56,1,1&56
406000915,대정초교후문,126.25638300000001,33.225567,34,1,1&34
406000920,상모3리,126.258117,33.223116999999995,34,1,1&34
406000924,상모리 이교동,126.267467,33.225583,34,1,1&34
406000925,상모,126.26601699999999,33.2245,34,1,1&34
406000926,상모,126.265795,33.2247,34,1,1&34
406000928,사계리서동,126.29331599999999,33.23106,57,1,1&57
406000931,사계리동동,126.307717,33.234517,57,1,1&57
406000933,산방산,126.310464,33.23673,57,1,1&57
406000934,산방산,126.31248300000001,33.236117,57,1,1&57
406000937,화순리,126.33196699999999,33.246421000000005,36,1,1&36
406000951,동일2리입구,126.233717,33.260329,23,1,1&23
406000953,인향동입구,126.24571100000001,33.272294,58,1,1&58
406000956,보성상동,126.27336000000001,33.252463,37,1,1&37
406000957,보성초등학교,126.27675,33.249939000000005,37,1,1&37
406000960,서광리,126.324653,33.289192,59,1,1&59
406000961,동광리,126.33836699999999,33.306367,60,1,1&60
406000964,동광환승정류장5(서귀방면),126.340833,33.309583,60,1,1&60
406000966,동광환승정류장3(한림방면),126.34051699999999,33.310483000000005,60,1,1&60
406000967,감산리서동,126.34866399999999,33.256808,4,1,1&4
406000969,안성리가스충전소,126.283699,33.251022,37,1,1&37
406000972,신평리,126.25880500000001,33.265118,61,1,1&61
406000973,신평리,126.259317,33.265167,61,1,1&61
406000978,구억리상동,126.28355,33.2786,62,1,1&62
406000983,서광서보건진료소,126.29855,33.2836,14,1,1&14
406000987,서광서리사수동,126.307033,33.287967,14,1,1&14
406000989,서광동리마을,126.32873300000001,33.286928,59,1,1&59
406000993,남원읍사무소,126.71974499999999,33.279398,17,1,1&17
406000997,씨사이드홈,126.72421000000001,33.280524,17,1,1&17
406001003,무도동,126.74192099999999,33.284964,63,1,1&63
406001006,어촌계입구,126.747716,33.287795,63,1,1&63
406001008,태흥3리사무소,126.757833,33.293583,33,1,1&33
406001010,태흥3리,126.760833,33.295683000000004,33,1,1&33
406001011,신흥리취락구조,126.764908,33.298593,33,1,1&33
406001013,신흥교차로,126.76699199999999,33.300725,33,1,1&33
406001015,수농원,126.770509,33.303232,33,1,1&33
406001024,가마초등학교,126.79961899999999,33.306706,64,1,1&64
406001026,세화2리사무소,126.8039,33.30685,64,1,1&64
406001028,가흥동,126.80675,33.307117,64,1,1&64
406001029,가흥동,126.808517,33.307583,64,1,1&64
406001034,그린카센터,126.828667,33.316866999999995,30,1,1&30
406001035,표선오일시장,126.8303,33.321,30,1,1&30
406001036,표선오일시장,126.83083300000001,33.321833000000005,30,1,1&30
406001039,막상올레,126.83391499999999,33.325826,30,1,1&30
406001044,하천하동,126.844894,33.340329,26,1,1&26
406001045,신천리,126.84885,33.344417,40,1,1&40
406001046,신천리,126.84978600000001,33.344884,40,1,1&40
406000017,회수삼거리,126.4424,33.261333,65,1,1&65
406000022,대천동주민센터,126.47828200000001,33.250878,66,1,1&66
406000025,도순동,126.4733,33.252633,66,1,1&66
406000027,속도르,126.470483,33.252717,66,1,1&66
406000030,씨 에스호텔,126.420317,33.243617,1,1,1&1
406000033,창천리,126.371531,33.265406,5,1,1&5
406000035,지세못,126.46423300000001,33.253033,67,1,1&67
406000038,하원동,126.4606,33.254133,67,1,1&67
406000043,신시가지,126.50628300000001,33.249783,8,1,1&8
406000044,성산하이츠빌라,126.504796,33.250116,8,1,1&8
406000045,반참모르,126.50113300000001,33.250217,8,1,1&8
406000052,용흥동,126.482506,33.250454,66,1,1&66
406000054,플레이케이팝박물관,126.41415,33.250067,1,1,1&1
406000944,덕수리동동,126.308568,33.250535,44,1,1&44
406001081,고성오일시장,126.914133,33.4523,29,1,1&29
406001083,고성리제주은행,126.91505,33.449467,29,1,1&29
406001084,고성리 구 성산농협,126.91496399999998,33.44798,29,1,1&29
406001090,오조리상동입구,126.91028600000001,33.462818,29,1,1&29
406001092,성산고입구삼거리,126.90841699999999,33.4657,29,1,1&29
406001096,시흥리,126.89673300000001,33.47625,68,1,1&68
406001104,법정사입구,126.45821799999999,33.302439,38,1,1&38
406001110,올리수,126.71366299999998,33.324574,20,1,1&20
406001116,디삘레,126.71093400000001,33.331218,20,1,1&20
406001120,돈물교,126.71425,33.314783,20,1,1&20
406001123,산하동,126.719098,33.305645,20,1,1&20
406001127,남원1리사무소,126.714633,33.277933000000004,17,1,1&17
406001128,광지동,126.709319,33.276431,69,1,1&69
406001130,동부보건소,126.70271100000001,33.275110999999995,69,1,1&69
406001139,의귀환승정류장(의귀초등학교),126.71483300000001,33.310666999999995,20,1,1&20
406000208,위미문화의집,126.658375,33.274767,15,1,1&15
406000209,위미1리사무소,126.65645,33.274117,15,1,1&15
406000211,대화동,126.6518,33.27275,15,1,1&15
406000212,서성동,126.650322,33.272456,15,1,1&15
406000213,농협주유소,126.647383,33.270967,15,1,1&15
406000214,신례2리교차로,126.643245,33.267459,15,1,1&15
406000216,신례2리교차로,126.642944,33.267021,15,1,1&15
406000217,공천포,126.640533,33.265833,15,1,1&15
406000223,심향사,126.6224,33.295433,70,1,1&70
406000225,신례교,126.62461699999999,33.293517,70,1,1&70
406000226,만지동,126.62675,33.29325,70,1,1&70
406000229,사가동,126.62735,33.290283,70,1,1&70
406001194,트릭아트뮤지엄,126.78713,33.399384999999995,71,1,1&71
406001196,문화마을,126.797903,33.39302,32,1,1&32
406001197,문화마을,126.798208,33.392983,32,1,1&32
406001204,화순문화마을,126.33018999999999,33.252513,36,1,1&36
406001212,충혼묘지광장,126.57036799999999,33.307507,72,1,1&72
406001221,구억리 옹기체험관,126.27868500000001,33.274066999999995,73,1,1&73
406001224,NLCS 제주,126.28516299999998,33.296438,74,1,1&74
406001227,동광환승정류장2(영어교육도시방면),126.33936100000001,33.310338,60,1,1&60
406001231,비안동,126.72055,33.282109000000005,17,1,1&17
406001233,남원중학교,126.717642,33.280638,17,1,1&17
406001241,대포포구,126.43575,33.23879,54,1,1&54
406001248,동상동,126.77027,33.361328,31,1,1&31
406001249,주공 3 4단지,126.572902,33.251152000000005,2,1,1&2
406000006,상창보건진료소,126.3628,33.274583,24,1,1&24
406000010,예래사우나,126.38501299999999,33.264187,75,1,1&75
406000015,예래입구,126.40464399999999,33.258694,76,1,1&76
406000016,예래입구,126.404427,33.258617,76,1,1&76
406001251,LH 1 2단지,126.522626,33.25002,8,1,1&8
406000233,신례초등학교,126.633265,33.283931,70,1,1&70
406000241,서귀포산업과학고등학교,126.595574,33.295975,2,1,1&2
406000242,하례환승정류장(하례리입구),126.60048300000001,33.299983000000005,77,1,1&77
406000060,신시가지,126.509949,33.260444,8,1,1&8
406000061,신시가지,126.510433,33.258983,8,1,1&8
406000064,시청후문,126.511168,33.256038000000004,8,1,1&8
406000066,삼주연립주택,126.51035,33.25025,8,1,1&8
406000071,대림한숲빌라,126.505983,33.25165,8,1,1&8
406000072,국민건강보험공단,126.507,33.2544,8,1,1&8
406000078,하원초등학교,126.45985,33.253467,67,1,1&67
406000084,월평알동네,126.46036299999999,33.243426,78,1,1&78
406000086,동병듸,126.46348700000001,33.242383000000004,78,1,1&78
406000091,허물서,126.473867,33.2385,78,1,1&78
406000093,섯가름,126.47605700000001,33.237117,78,1,1&78
406000096,강정초등학교,126.47977,33.23561,78,1,1&78
406000097,강정초등학교,126.480102,33.235638,78,1,1&78
406000099,서귀포여자고등학교,126.53168000000001,33.244382,8,1,1&8
406000101,주거물,126.521245,33.243947,8,1,1&8
406000102,주거물,126.521221,33.243786,8,1,1&8
406000104,공물,126.51629399999999,33.240433,8,1,1&8
406000105,신세계빌라,126.51467099999999,33.239543,8,1,1&8
406000107,법환새마을금고,126.51398300000001,33.238437,8,1,1&8
406000110,뒷동산,126.51068300000001,33.236667,8,1,1&8
406000112,법환초등학교,126.508156,33.236534000000006,8,1,1&8
406000113,남성마을,126.55418300000001,33.242616999999996,2,1,1&2
406000115,삼매봉도서관,126.55363899999999,33.24557,2,1,1&2
406000121,여 의 물,126.53776699999999,33.244833,8,1,1&8
406000124,외돌개,126.54743300000001,33.240909,79,1,1&79
406000128,바가잣도,126.527431,33.261262,8,1,1&8
406000130,용천사입구,126.5302,33.261317,8,1,1&8
406000132,돗소,126.5352,33.261967,8,1,1&8
406000134,자연빌라,126.538983,33.262183,8,1,1&8
406000136,진진내,126.542983,33.262633,8,1,1&8
406000139,수모루,126.524151,33.246569,8,1,1&8
406000141,광대왓,126.515928,33.248094,8,1,1&8
406000144,고근산,126.513731,33.260334,8,1,1&8
406000145,고근산,126.51393700000001,33.260477,8,1,1&8
406000146,아이뜨락공원,126.55343300000001,33.264117,2,1,1&2
406000149,서홍새마을금고,126.557965,33.26424,2,1,1&2
406000151,동덕아파트,126.560092,33.257621,2,1,1&2
406000155,중앙로터리(동),126.56135,33.252967,2,1,1&2
406000159,농협보목지소,126.5983,33.243233000000004,80,1,1&80
406000161,장안그랜드빌라,126.5964,33.24375,80,1,1&80
406000165,라임오렌지빌,126.58723300000001,33.246567,2,1,1&2
406000167,검은여입구,126.582877,33.248191999999996,2,1,1&2
406000172,삼아아파트,126.574417,33.251896,2,1,1&2
406000174,주공아파트,126.57220900000002,33.251084000000006,2,1,1&2
406000175,주공2아파트,126.57185700000001,33.252248,2,1,1&2
406000177,보목신협,126.601991,33.241661,80,1,1&80
406000178,상효입구,126.59566699999999,33.2596,2,1,1&2
406000181,토평 보목입구,126.590617,33.25875,2,1,1&2
406000184,창남거리,126.58205,33.256267,2,1,1&2
406000188,효돈중학교,126.62143300000001,33.263483,2,1,1&2
406000190,효돈초등학교,126.61641200000001,33.263751,2,1,1&2
406000194,월라봉,126.60624399999999,33.262545,2,1,1&2
406000195,월라봉,126.605617,33.26225,2,1,1&2
406000200,세천동,126.67470700000001,33.275245,15,1,1&15
406000201,대원상동,126.67058300000001,33.274833,15,1,1&15
406000204,뒤통모루,126.66689299999999,33.275395,15,1,1&15
406000245,심향사,126.62206699999999,33.295466999999995,70,1,1&70
406000246,진학농원,126.615867,33.29995,16,1,1&16
406000248,돈내코마을,126.57351799999999,33.302749,72,1,1&72
406000251,돈내코교,126.58861999999999,33.299344,81,1,1&81
406000254,고도농원,126.59333899999999,33.28763,2,1,1&2
406000257,법호촌 온성학교,126.594485,33.291861,2,1,1&2
406000261,하례2리,126.60598600000002,33.289288,2,1,1&2
406000262,서귀포농업기술센터,126.60635,33.2886,2,1,1&2
406000264,제2효레교,126.608167,33.284766999999995,2,1,1&2
406000266,칡오름,126.607767,33.282951000000004,2,1,1&2
406000272,고장낭밭,126.600029,33.274484,2,1,1&2
406000275,서상효,126.596525,33.272797,2,1,1&2
406000277,토평반석타운,126.59375,33.270533,2,1,1&2
406000280,한라산교회,126.568257,33.273107,2,1,1&2
406000281,한라산교회,126.568399,33.273215,2,1,1&2
406000282,동홍분식,126.56815900000001,33.266759,2,1,1&2
406000284,동홍동청소년문화의집,126.56871699999999,33.265883,2,1,1&2
406000286,서귀포향토오일시장,126.573943,33.265737,0,1,1&0
406000289,측골,126.58328300000001,33.267317,2,1,1&2
406000290,비석거리,126.57751699999999,33.256133,2,1,1&2
406000291,비석거리,126.57745,33.255783,2,1,1&2
406000294,흙통,126.582903,33.262391,2,1,1&2
406000295,흙통,126.582277,33.26191,2,1,1&2
406000296,오희준 공원,126.585485,33.266212,2,1,1&2
406000297,오희준 공원,126.5852,33.266183000000005,2,1,1&2
406000298,평안전문요양원,126.58844599999999,33.281353,2,1,1&2
406000301,꽃동산,126.588645,33.279425,2,1,1&2
406000303,뒷빌레,126.58965,33.273267,2,1,1&2
406000308,영천동주민센터,126.587131,33.268881,2,1,1&2
406000309,L마트,126.560033,33.2643,2,1,1&2
406000312,남주중고등학교,126.566088,33.274878,2,1,1&2
406000315,켄싱턴리조트 악근천,126.49043300000001,33.2344,78,1,1&78
406000318,서년듸,126.49488000000001,33.235741,78,1,1&78
406000407,큰솔동산,126.43174499999999,33.247396,1,1,1&1
406000416,서귀포항,126.563933,33.239783,2,1,1&2
406000422,서귀포농협,126.56115,33.251533,2,1,1&2
406000428,백구빌라입구,126.42455,33.254633,1,1,1&1
406000431,백구빌라입구,126.42465,33.254616999999996,1,1,1&1
406000435,중문환승정류장(중문우체국),126.423798,33.251804,1,1,1&1
406000445,어두모루,126.438511,33.251475,1,1,1&1
406000447,남군농협,126.565,33.2482,2,1,1&2
406000453,서호동마을회관,126.52279399999999,33.257290999999995,8,1,1&8
406000460,평생학습관,126.55800500000001,33.249604,2,1,1&2
406000463,항애골,126.64093100000001,33.270996000000004,15,1,1&15
406000467,(구)중앙파출소,126.560367,33.247,2,1,1&2
406000469,아랑조을거리 입구,126.559551,33.251084000000006,2,1,1&2
406000472,서귀포소방서,126.567617,33.25235,2,1,1&2
406000475,동문로터리,126.568347,33.248683,2,1,1&2
406000478,반석아르미아파트,126.567401,33.262513,2,1,1&2
406000481,고래왓,126.51468799999999,33.247942,8,1,1&8
406000504,보목포구(도착),126.60687,33.239364,80,1,1&80
406000506,열린병원,126.56525,33.254152000000005,2,1,1&2
406000512,동홍대림,126.57211699999999,33.255733,2,1,1&2
406000516,감산리,126.357022,33.259803000000005,4,1,1&4
406000527,상창리사무소,126.36505,33.272683,24,1,1&24
406000602,고수동,126.75575,33.327833,11,1,1&11
406000609,세화3리,126.791967,33.323167,6,1,1&6
406000630,평지동 옹기박물관,126.223497,33.282426,13,1,1&13
406000634,산이수동,126.29025,33.208467,82,1,1&82
406000640,상천리사무소,126.379807,33.307432,25,1,1&25
406000646,토산초등학교,126.77648300000001,33.31185,33,1,1&33
406000670,삼달1리,126.84528300000001,33.374933,27,1,1&27
406000677,수산1리 비석거리,126.888443,33.443542,28,1,1&28
406000681,고성리노인회관,126.908654,33.446754999999996,29,1,1&29
406000688,신풍리사무소,126.83623100000001,33.361723,26,1,1&26
406000700,가시농협,126.77146699999999,33.352633000000004,31,1,1&31
406000703,영락리,126.21000900000001,33.257907,22,1,1&22
406000708,표선환승정류장(표선리사무소),126.832467,33.325283,30,1,1&30
406000737,남원리 월산동,126.71058300000001,33.291533,18,1,1&18
406000745,하모3리 축협,126.252398,33.225314000000004,34,1,1&34
406000748,거린사슴전망대,126.45498300000001,33.3076,38,1,1&38
406000759,폭남동,126.773288,33.345034000000005,31,1,1&31
406000769,신흥2리 보건진료소,126.74816499999999,33.319691,12,1,1&12
406000775,무릉2리 소공원,126.24558300000001,33.272337,58,1,1&58
406000780,응전동,126.30021699999999,33.28295,14,1,1&14
406000784,덕수리 새마을금고,126.30458700000001,33.256724,44,1,1&44
406000002,롯데호텔,126.41031699999999,33.248717,1,1,1&1
406000004,캐슬렉스골프클럽,126.355428,33.337353,83,1,1&83
406000021,1100도로입구,126.43164099999998,33.251594,1,1,1&1
406000023,대천동주민센터,126.47832700000001,33.251075,66,1,1&66
406000029,씨 에스호텔,126.42033300000001,33.24385,1,1,1&1
406000055,농업기술원,126.48661000000001,33.260912,84,1,1&84
406000073,국민건강보험공단,126.506817,33.254616999999996,8,1,1&8
406000076,서귀포경찰서,126.5076,33.256083000000004,8,1,1&8
406000080,머구낭동산,126.45831000000001,33.245662,78,1,1&78
406000082,월평 아왜낭목,126.458669,33.243619,78,1,1&78
406000085,월평알동네,126.460552,33.243271,78,1,1&78
406000095,강정농협,126.47826699999999,33.236033,78,1,1&78
406000098,서귀포여자고등학교,126.531375,33.244636,8,1,1&8
406000100,수모루,126.52444399999999,33.245931,8,1,1&8
406000103,공물,126.516348,33.240671,8,1,1&8
406000106,신세계빌라,126.51501699999999,33.239583,8,1,1&8
406000108,법환새마을금고,126.51341699999999,33.23785,8,1,1&8
406000111,법환초등학교,126.50941599999999,33.236739,8,1,1&8
406000116,남성마을입구,126.55260600000001,33.247707,2,1,1&2
406000120,여 의 물,126.538218,33.245038,8,1,1&8
406000126,서호북문,126.523017,33.261133,8,1,1&8
406000137,진진내,126.54466699999999,33.263017,8,1,1&8
406000140,광대왓,126.51856699999999,33.247527000000005,8,1,1&8
406000143,대륜동주민센터,126.511195,33.248487,8,1,1&8
406000152,서귀포고등학교,126.56043500000001,33.257599,2,1,1&2
406000154,서귀중앙여자중학교,126.560783,33.255083,2,1,1&2
406000157,도영슈퍼앞,126.60045,33.241983000000005,80,1,1&80
406000164,동부하수처리장입구,126.59328300000001,33.244433,80,1,1&80
406000168,검은여입구,126.582531,33.248096999999994,2,1,1&2
406000176,보목신협앞,126.6025,33.2416,80,1,1&80
406000179,상효입구,126.595047,33.259648,2,1,1&2
406000193,신효동,126.610119,33.26361,2,1,1&2
406000196,서귀포시중앙도서관,126.507733,33.251667,8,1,1&8
406000202,대원상동,126.66989099999999,33.274958000000005,15,1,1&15
406000205,상원동,126.663532,33.275048,15,1,1&15
406000221,하례1리입구,126.626094,33.263504,2,1,1&2
406000228,사가동,126.62735,33.290083,70,1,1&70
406000231,동문정류소,126.63031699999999,33.2888,70,1,1&70
406000235,신례하동,126.63515600000001,33.280498,70,1,1&70
406000238,위미3리 마을회관,126.68866499999999,33.275034999999995,85,1,1&85
406000240,서귀포산업과학고등학교,126.59511699999999,33.295733,2,1,1&2
406000244,감귤단지,126.609389,33.301155,2,1,1&2
406000250,돈내코,126.584822,33.299776,81,1,1&81
406000253,고도농원,126.59368300000001,33.287533,2,1,1&2
406000259,서귀포산업과학고등학교,126.59486799999999,33.295153000000006,2,1,1&2
406000263,서귀포농업기술센터,126.60693300000001,33.287317,2,1,1&2
406000270,뒤큰글,126.60417199999999,33.275865,2,1,1&2
406000273,고장낭밭,126.59935300000001,33.274147,2,1,1&2
406000276,토평반석타운,126.594323,33.271146,2,1,1&2
406000299,평안전문요양원,126.58826699999999,33.280683,2,1,1&2
406000302,뒷빌레,126.58979199999999,33.27391,2,1,1&2
406000307,영천동주민센터,126.587331,33.268801,2,1,1&2
406000310,주공아파트5단지,126.56115,33.2646,2,1,1&2
406000313,강정천,126.486346,33.233601,78,1,1&78
406000316,켄싱턴리조트 악근천,126.490826,33.234618,78,1,1&78
406000319,고향모루,126.49823300000001,33.23645,78,1,1&78
406000322,서건도입구,126.503317,33.235839,8,1,1&8
406000323,중문관광단지,126.412709,33.252201,1,1,1&1
406000328,청소년문화의집,126.56405,33.250883,2,1,1&2
406000335,솔동산입구,126.563681,33.244744,2,1,1&2
406000369,하예하동,126.373333,33.236133,9,1,1&9
406000372,예래동가동거리,126.388016,33.245379,10,1,1&10
406000375,예래초등학교,126.391124,33.24664,10,1,1&10
406000378,정문동,126.393621,33.249381,10,1,1&10
406000383,상예입구,126.40448300000001,33.2578,76,1,1&76
406000388,뉴경남호텔,126.55956699999999,33.246133,2,1,1&2
406000391,하나호텔 한국관광공사,126.408433,33.2502,1,1,1&1
406000398,주공2단지,126.571955,33.252846000000005,2,1,1&2
406000402,제주국제컨벤션센터,126.424663,33.243407,1,1,1&1
406001074,신양리입구,126.90993300000001,33.43565,29,1,1&29
406001077,오조리하동,126.912283,33.4587,29,1,1&29
406001082,고성오일시장,126.91405,33.452067,29,1,1&29
406001087,성산환승정류장(고성리 회전교차로),126.91378300000001,33.447278999999995,29,1,1&29
406001089,오조리상동입구,126.910329,33.462001,29,1,1&29
406001091,성산고입구삼거리,126.90863200000001,33.465032,29,1,1&29
406001122,의귀환승정류장(의귀초등학교),126.71495,33.310817,20,1,1&20
406001125,농협하나로마트,126.720717,33.284083,17,1,1&17
406001129,남원생활체육관,126.7059,33.2755,69,1,1&69
406001131,남원생활체육관,126.706344,33.275718,69,1,1&69
406001136,농협하나로마트,126.7206,33.284083,17,1,1&17
406001146,서귀포시 구 버스터미널,126.560303,33.251891,2,1,1&2
406001167,(구)구판장,126.798051,33.329675,6,1,1&6
406001173,동홍 사거리,126.56837800000001,33.254726,2,1,1&2
406001176,(구)중앙파출소,126.56088999999999,33.247515,2,1,1&2
406001180,약천사,126.450337,33.243002000000004,86,1,1&86
406000647,토산초등학교,126.776902,33.310072999999996,33,1,1&33
406001066,온평리,126.896555,33.404321,43,1,1&43
406001178,대포항,126.437671,33.239869,54,1,1&54
406000991,서광동리 소랑못,126.331726,33.285920000000004,59,1,1&59
406000059,신시가지,126.50968300000001,33.26035,8,1,1&8
406000005,상창보건진료소,126.362944,33.274639,24,1,1&24
406000042,한국통신,126.51116100000002,33.253121,8,1,1&8
406000087,동병듸,126.46326299999998,33.242692,78,1,1&78
406000293,답다니,126.579733,33.2589,2,1,1&2
406000380,예래동주민센터,126.39771699999999,33.253766999999996,10,1,1&10
406000517,창천리남당물동산,126.36616699999999,33.261683000000005,5,1,1&5
406000713,일과1리,126.23591699999999,33.2351,56,1,1&56
406000756,가시농협,126.771602,33.352694,31,1,1&31
406000795,대성동오거리,126.67616699999999,33.29325,87,1,1&87
406000841,표선청년회의소,126.828231,33.33701,30,1,1&30
406001205,안덕면사무소,126.33003500000001,33.257314,36,1,1&36
406001208,산방산,126.31141699999999,33.236247999999996,57,1,1&57
406001217,대정초등학교,126.25639,33.224779,34,1,1&34
406001223,NLCS 제주,126.28563,33.296624,74,1,1&74
406001230,서귀포환승정류장(서귀포등기소),126.560147,33.253143,2,1,1&2
406001234,남원중학교,126.717528,33.280716999999996,17,1,1&17
406001236,남원포구입구,126.717774,33.27871,17,1,1&17
406000921,상모리 감협,126.261839,33.224101,34,1,1&34
406000977,구억리삼거리,126.2794,33.272783000000004,73,1,1&73
406001250,서호초등학교,126.528225,33.254283,8,1,1&8
406000062,신시가지,126.510259,33.258334999999995,8,1,1&8
406000122,솜반천,126.55331699999999,33.25015,2,1,1&2
406000153,서귀중앙여자중학교,126.56055,33.254967,2,1,1&2
406000321,서건도입구,126.503133,33.235917,8,1,1&8
406001155,토산보건진료소,126.767508,33.326483,7,1,1&7
406001260,산방복지회관,126.302249,33.233204,57,1,1&57
406001329,군모루,126.72207399999999,33.292078000000004,20,1,1&20
406001290,제주민속촌,126.84102800000001,33.325476,30,1,1&30
406001291,고성리 성산농협,126.912608,33.446115,29,1,1&29
406001292,농협 하나로마트,126.91281699999999,33.446228000000005,29,1,1&29
406001293,구 터미널,126.56015900000001,33.252018,2,1,1&2
406001297,혼착밭,126.471116,33.239354,78,1,1&78
406001298,혼착밭,126.470974,33.239219,78,1,1&78
406001299,수산1리 비석거리,126.889004,33.443571,28,1,1&28
406001300,수산1리 비석거리,126.888939,33.443386,28,1,1&28
406001302,수산2리 생태체험센터,126.863151,33.439168,52,1,1&52
406001306,돔뱅이왓,126.369504,33.235002,9,1,1&9
406001307,관광단지 입구,126.41473400000001,33.256212,1,1,1&1
406001308,관광단지 입구,126.414612,33.256393,1,1,1&1
406000381,예래동주민센터,126.398555,33.254249,10,1,1&10
406001247,동상동삼거리,126.77355800000001,33.356265,31,1,1&31
406001309,색달마을 입구,126.413481,33.260315000000006,1,1,1&1
406001311,성산농협,126.911041,33.447069,29,1,1&29
406000710,하모3리,126.25106699999999,33.221583,34,1,1&34
406000938,화순환승정류장(안덕농협),126.335067,33.246517,36,1,1&36
406001068,온평초등학교,126.89775,33.408283000000004,43,1,1&43
406001262,성박물관,126.34407,33.255472,4,1,1&4
406001095,시흥리,126.896317,33.476633,68,1,1&68
406001274,달산봉 입구,126.82661499999999,33.342572,30,1,1&30
406001280,진우파크빌,126.905005,33.446134,29,1,1&29
406001281,진우파크빌,126.905619,33.446073,29,1,1&29
406001283,수산1리 사거리,126.883769,33.442423,28,1,1&28
406001284,수산1리 사거리,126.88403799999999,33.442254,28,1,1&28
406001320,동백동산,126.36728000000001,33.288728000000006,24,1,1&24
406001321,브랭섬 홀 아시아,126.2848,33.291888,74,1,1&74
406001323,한국국제학교,126.28173400000001,33.287247,74,1,1&74
406001324,한국국제학교,126.282408,33.287549,74,1,1&74
406001326,삼정지에듀,126.27766399999999,33.284907000000004,74,1,1&74
406000802,동모루,126.71706699999999,33.32785,20,1,1&20
406000805,난산리사무소,126.87070800000001,33.40141,47,1,1&47
406000811,장지동산,126.882021,33.401401,47,1,1&47
406000815,성산리입구,126.93126699999999,33.46085,48,1,1&48
406000817,성산일출봉입구,126.93376699999999,33.463767,48,1,1&48
406000819,성산리 취락구조,126.934898,33.466033,48,1,1&48
406000823,성산항,126.92993999999999,33.470427,49,1,1&49
406000829,성산고등학교,126.916735,33.468447,29,1,1&29
406000832,모슬포우체국,126.255195,33.222553999999995,34,1,1&34
406000843,표선고등학교,126.829885,33.331301,30,1,1&30
406000855,역지동,126.78356799999999,33.346888,51,1,1&51
406000864,성읍1리,126.799494,33.383755,32,1,1&32
406000867,성읍농협,126.801002,33.390471999999995,32,1,1&32
406000881,남원2리,126.707792,33.295528999999995,18,1,1&18
406000890,의귀리 월산동,126.721456,33.312472,20,1,1&20
406000904,일과2리 사무소,126.22415,33.245366,35,1,1&35
406000905,일과2리 서림수원지입구,126.228424,33.242734000000006,35,1,1&35
406000909,대정서초등학교,126.23825,33.23195,56,1,1&56
406000913,대정읍사무소,126.251717,33.225916999999995,34,1,1&34
406000918,모슬포우체국,126.25548500000001,33.222534,34,1,1&34
406000923,상모리 이교동,126.26716699999999,33.2254,34,1,1&34
406000936,화순리,126.33196699999999,33.246317,36,1,1&36
406000945,덕수리동동,126.30794499999999,33.250725,44,1,1&44
406000959,서광리,126.32490800000001,33.288872999999995,59,1,1&59
406000962,동광문화마을,126.338154,33.305915999999996,60,1,1&60
406000965,동광환승정류장4(제주방면),126.340994,33.310443,60,1,1&60
406000968,안성리새동네,126.283469,33.250846,37,1,1&37
406000971,인성리(보성농협앞),126.276917,33.2482,37,1,1&37
406000975,신평리 상동,126.26233300000001,33.26815,61,1,1&61
406000979,구억리상동,126.2835,33.278917,62,1,1&62
406000982,서광서보건진료소,126.298483,33.28335,14,1,1&14
406000985,서광서리,126.302733,33.286183,14,1,1&14
406000988,서광동리마을,126.32885,33.286817,59,1,1&59
406000992,남원읍사무소,126.72101699999999,33.279567,17,1,1&17
406000994,동부보건소,126.703383,33.275267,69,1,1&69
406001005,폭낭사거리,126.745967,33.286633,63,1,1&63
406001007,어촌계입구,126.749002,33.288294,63,1,1&63
406001009,태흥3리사무소,126.75918300000001,33.294367,33,1,1&33
406001012,신흥교차로,126.766773,33.300259999999994,33,1,1&33
406001016,송천교,126.777667,33.3075,33,1,1&33
406001019,산여리통입구,126.781434,33.307519,33,1,1&33
406001025,가마초등학교,126.80033300000001,33.30655,64,1,1&64
406001027,세화2리사무소,126.80491699999999,33.306816999999995,64,1,1&64
406001048,신천리취락구조,126.85395,33.348483,40,1,1&40
406001051,신풍리하동,126.865117,33.362567,41,1,1&41
406001056,희진주유소,126.87403700000002,33.377568,42,1,1&42
406000809,난산 동 동네,126.875652,33.402159999999995,47,1,1&47
406000806,난산리사무소,126.87116,33.40124,47,1,1&47
406001062,난산입구(성산기상대),126.881731,33.386021,42,1,1&42
406001133,남원1리사무소,126.71403400000001,33.277926,17,1,1&17
406000717,대정농공단지입구,126.22039699999999,33.24819,35,1,1&35
406000215,농협주유소,126.646483,33.27045,15,1,1&15
406001275,달산봉 입구,126.82656100000001,33.343782,30,1,1&30
406000292,답다니,126.57983300000001,33.258817,2,1,1&2
406001142,디삘레,126.71118700000001,33.330928,20,1,1&20
406000468,동홍초등학교 입구,126.56811599999999,33.258571999999994,2,1,1&2
406001343,남원취락구조,126.700308,33.274958000000005,69,1,1&69
406000642,위미정수장,126.67238300000001,33.286417,15,1,1&15
406000948,대정고등학교,126.2619,33.23035,34,1,1&34
406000794,대성동,126.6761,33.292815000000004,87,1,1&87
406001218,대정초등학교,126.25623300000001,33.224798,34,1,1&34
406001337,진군을리,126.364231,33.283646000000005,24,1,1&24
406001344,남원취락구조,126.7002,33.275155,69,1,1&69
406001367,제주오설록 티뮤지엄,126.288017,33.305224,88,1,1&88
406001371,제주월드컵경기장(600번),126.50903999999998,33.249334999999995,8,1,1&8
406001252,LH 1 2단지,126.523156,33.249837,8,1,1&8
406001380,제주해안경비단,126.82313700000002,33.357274,50,1,1&50
406001381,사거리,126.432179,33.244752000000005,1,1,1&1
406001394,화순리 생태탐방로,126.333551,33.264187,89,1,1&89
406001395,화순리 생태탐방로,126.333502,33.265071,89,1,1&89
406001396,서광리 넙게오름(축협),126.31806399999999,33.29019,59,1,1&59
406001400,제주공천포 전지훈련센터,126.638967,33.275276,15,1,1&15
406001405,섭지코지,126.921998,33.436647,53,1,1&53
406001407,동모루왓,126.919248,33.439025,53,1,1&53
406001408,동모루왓,126.91983400000001,33.438906,53,1,1&53
406001409,서건도,126.504248,33.236048,8,1,1&8
406001411,월평마을,126.460829,33.242816,78,1,1&78
406001412,월평마을,126.46096200000001,33.242728,78,1,1&78
406001373,굿밭거리,126.52505500000001,33.257462,8,1,1&8
406001374,굿밭거리,126.524965,33.257356,8,1,1&8
406001375,서귀포보건소,126.554653,33.252126000000004,2,1,1&2
406001376,남양맨션,126.56790500000001,33.255917,2,1,1&2
406001377,남양맨션,126.568081,33.25584,2,1,1&2
406001387,금악입구,126.35414399999999,33.330689,83,1,1&83
406001388,토산초등학교,126.776416,33.311701,33,1,1&33
406001392,한남교,126.69629499999999,33.312585,19,1,1&19
406001393,한남교,126.696754,33.312577000000005,19,1,1&19
406001413,보성리하동,126.274566,33.250679,37,1,1&37
406001414,보성리상동,126.27433400000001,33.250803999999995,37,1,1&37
406001417,신흥1번지,126.773678,33.305733000000004,33,1,1&33
406001418,김영갑갤러리두모악,126.856554,33.371942,27,1,1&27
406001422,위미농협 하례지소,126.609549,33.297676,2,1,1&2
406001426,장애인복지회관,126.58431499999999,33.286417,3,1,1&3
406001427,하례2리,126.60835800000001,33.293009999999995,2,1,1&2
406001428,원님교차로,126.700333,33.305475,90,1,1&90
406001431,가시리체육공원,126.774914,33.352354999999996,31,1,1&31
406001435,동하동,126.77737900000001,33.347460999999996,31,1,1&31
406001440,상천리,126.381477,33.307308,25,1,1&25
406001442,서귀포보건소,126.55485300000001,33.252342999999996,2,1,1&2
406000493,뉴경남호텔,126.55825,33.246712,2,1,1&2
406001448,동문로터리,126.567916,33.249863,2,1,1&2
406001454,비석거리,126.576187,33.254895,2,1,1&2
406001455,사계어촌체험어장,126.304425,33.227937,57,1,1&57
406001459,서귀포칼호텔(종점),126.580781,33.247007,2,1,1&2
406001172,감산입구,126.362137,33.260633,5,1,1&5
406000359,고갠드르,126.524193,33.254725,8,1,1&8
406000320,고향모루,126.49851699999999,33.236383000000004,78,1,1&78
406001132,광지동,126.70867700000001,33.276415,69,1,1&69
406000249,돈내코,126.58428799999999,33.299696999999995,81,1,1&81
406000366,대평리,126.36691699999999,33.234916999999996,9,1,1&9
406000367,대평리,126.366933,33.235217,9,1,1&9
406001240,대포포구,126.43565,33.238881,54,1,1&54
406000187,비석거리,126.578246,33.254959,2,1,1&2
406000530,비석거리,126.57671699999999,33.254267,2,1,1&2
406001232,비안동,126.72095800000001,33.281213,17,1,1&17
406001382,사거리,126.43207199999999,33.244972,1,1,1&1
406000932,사계리동동,126.308227,33.234887,57,1,1&57
406000109,법환농협,126.511903,33.237278,8,1,1&8
406000408,법환농협,126.512098,33.237209,8,1,1&8
406001410,서건도,126.50490900000001,33.235953,8,1,1&8
406000376,벼락동산,126.39246100000001,33.24781,10,1,1&10
406000341,보목포구 입구,126.604583,33.241283,80,1,1&80
406000955,보성상동,126.273357,33.252204,37,1,1&37
406000958,보성초등학교,126.277142,33.2498,37,1,1&37
406000020,볼목당,126.43608799999998,33.256716,1,1,1&1
406000929,사계리사무소,126.297517,33.231283000000005,57,1,1&57
406001259,산방복지회관,126.301921,33.233288,57,1,1&57
406000742,산방산,126.310573,33.236806,57,1,1&57
406000935,산방산,126.31245,33.236233,57,1,1&57
406001018,산여리통입구,126.78143700000001,33.307313,33,1,1&33
406001494,별내린전망대,126.416728,33.247188,1,1,1&1
406000083,월평 아왜낭목,126.4588,33.243533,78,1,1&78
406000207,위미문화의집,126.65983700000001,33.27474,15,1,1&15
406001384,상원동,126.663354,33.275214,15,1,1&15
406001246,위미중학교,126.66225800000001,33.280625,15,1,1&15
406000210,위미초등학교,126.65455,33.273666999999996,15,1,1&15
406001404,산이수동,126.290117,33.208351,82,1,1&82
406001124,의귀 산하동,126.72096699999999,33.29895,20,1,1&20
406001137,의귀 산하동,126.72084,33.298885,20,1,1&20
406001121,의귀교회 앞,126.713867,33.31235,20,1,1&20
406001351,산지물,126.564633,33.265184000000005,2,1,1&2
406001138,산하동,126.71895,33.304666999999995,20,1,1&20
406001140,의귀교회 앞,126.71355,33.312433,20,1,1&20
406000018,회수삼거리,126.442241,33.261123,65,1,1&65
406000888,의귀서동네,126.71173799999998,33.309645,20,1,1&20
406001348,이교동삼거리,126.27201200000002,33.226195000000004,34,1,1&34
406000666,삼달1리 삼달보건진료소,126.852167,33.37325,27,1,1&27
406000667,삼달1리 삼달보건진료소,126.85223300000001,33.373133,27,1,1&27
406001170,삼달1리,126.843299,33.374274,27,1,1&27
406001438,삼달1리게이트볼장,126.84345,33.376253999999996,27,1,1&27
406000668,삼달1리사무소,126.848098,33.374216,27,1,1&27
406000088,이천장물,126.46748799999999,33.241757,78,1,1&78
406000691,삼달1리삼거리,126.841617,33.3714,27,1,1&27
406001054,삼달교차로,126.86903500000001,33.369332,41,1,1&41
406000621,보성리 대정농협,126.2768,33.248183000000004,37,1,1&37
406000744,인성리(남문지앞사거리),126.27762,33.247861,37,1,1&37
406000787,불미공방,126.30401699999999,33.253233,44,1,1&44
406000946,덕수초등학교,126.30433300000001,33.250533000000004,44,1,1&44
406000024,도순동,126.474783,33.25275,66,1,1&66
406000158,도영슈퍼,126.60025,33.24225,80,1,1&80
406000131,돗소,126.536133,33.261866999999995,8,1,1&8
406000990,서광동리 소랑못,126.33143500000001,33.285963,59,1,1&59
406000963,동광환승정류장6(모슬포방면),126.340253,33.309684000000004,60,1,1&60
406000067,동남아파트,126.509984,33.249792,8,1,1&8
406000357,동문,126.530984,33.257448,8,1,1&8
406000358,동문,126.530996,33.257326,8,1,1&8
406000326,동미빌딩,126.566581,33.248666,2,1,1&2
406001319,동백동산,126.367396,33.289349,24,1,1&24
406000163,동부하수처리장입구,126.594039,33.244363,80,1,1&80
406001406,섭지코지,126.922399,33.436871999999994,53,1,1&53
406000268,동상효,126.60716699999999,33.279967,2,1,1&2
406001002,무도동,126.74089,33.284796,63,1,1&63
406000628,무릉1리 사거리,126.20331200000001,33.270522,21,1,1&21
406000899,무릉1리 학교앞,126.20181799999999,33.271437,21,1,1&21
406000900,무릉1리 리사무소앞,126.2031,33.2703,21,1,1&21
406000897,무릉문화의 집,126.199101,33.272733,21,1,1&21
406001305,미타요양원,126.852218,33.446678000000006,91,1,1&91
406000127,바가잣도,126.527072,33.261398,8,1,1&8
406001420,바겟도동산,126.70738,33.337753,20,1,1&20
406000046,반참모르,126.5011,33.25,8,1,1&8
406000726,방구동,126.763547,33.306971000000004,33,1,1&33
406001495,별내린전망대,126.41686200000001,33.247229,1,1,1&1
406000833,덕수초등학교,126.30356699999999,33.250233,44,1,1&44
406000952,동일2리입구,126.23403300000001,33.260417,23,1,1&23
406000396,동홍반석아파트입구,126.56773999999999,33.262687,2,1,1&2
406000283,동홍분식,126.56835,33.266717,2,1,1&2
406000354,동홍초등학교,126.57018300000001,33.259333000000005,2,1,1&2
406000222,하례1리입구,126.626185,33.263671,2,1,1&2
406000271,뒤큰글,126.60378200000001,33.275837,2,1,1&2
406000203,뒤통모루,126.66706699999999,33.275267,15,1,1&15
406001341,방아동,126.175051,33.279739,92,1,1&92
406001342,방아동,126.174944,33.279801,92,1,1&92
406000258,법호촌 온성학교,126.594751,33.292821999999994,2,1,1&2
406000255,법호촌입구,126.593861,33.290078,2,1,1&2
406000930,사계리사무소,126.298042,33.231613,57,1,1&57
406000927,사계리서동,126.292598,33.230274,57,1,1&57
406001456,사계어촌체험어장,126.304759,33.227946,57,1,1&57
406001458,사계용해경로당,126.30848700000001,33.231229,57,1,1&57
406000348,산남새마을금고,126.573783,33.254917,2,1,1&2
406000443,(구)중문동주민센터,126.434246,33.251145,1,1,1&1
406000274,서상효,126.59703300000001,33.272883,2,1,1&2
406000421,천지동주민센터,126.5617,33.248083,2,1,1&2
406000882,서의동,126.703852,33.301105,90,1,1&90
406000970,추사유배지,126.27888200000001,33.2491,37,1,1&37
406000036,서진아파트,126.46391299999999,33.253341999999996,67,1,1&67
406000288,측골,126.583317,33.267183,2,1,1&2
406000267,칡오름,126.607633,33.282733,2,1,1&2
406000169,칼호텔,126.578235,33.248026,2,1,1&2
406000003,캐슬렉스골프클럽,126.35626699999999,33.339051,83,1,1&83
406000986,서광서리사수동,126.306767,33.287967,14,1,1&14
406000714,일과2리 사무소,126.22381200000001,33.2452,35,1,1&35
406001190,일출랜드입구,126.845068,33.380747,27,1,1&27
406001191,일출랜드입구,126.844923,33.380775,27,1,1&27
406000133,자연빌라,126.538633,33.262316999999996,8,1,1&8
406001106,서귀포자연휴양림,126.457517,33.312017,38,1,1&38
406000433,작박동네,126.42373300000001,33.2532,1,1,1&1
406000678,고성리 장만이동산,126.900477,33.44555,29,1,1&29
406000162,장안그랜드빌라,126.596244,33.243646999999996,80,1,1&80
406001103,서귀포천문 과학문화관,126.457333,33.288467,39,1,1&39
406000028,제주국제컨벤션센터  중문대포해안주상절리대,126.42472,33.243087,1,1,1&1
406000265,제2효레교,126.6083,33.284717,2,1,1&2
406000068,제주월드컵경기장 서귀포버스터미널,126.509,33.249117,8,1,1&8
406001378,제주월드컵경기장(600번),126.50906699999999,33.249109000000004,8,1,1&8
406000834,제주조각공원,126.321331,33.249311,45,1,1&45
406001379,제주해안경비단,126.823039,33.356916,50,1,1&50
406001398,남원2리 복지회관,126.710027,33.293231,18,1,1&18
406000119,삼매봉,126.543539,33.244703,79,1,1&79
406000118,삼매봉입구,126.543806,33.244915999999996,79,1,1&79
406000182,삼성여자고등학교,126.58478400000001,33.257321999999995,2,1,1&2
406000183,삼성여자고등학교,126.58656699999999,33.257667,2,1,1&2
406001325,삼정지에듀,126.278498,33.284815,74,1,1&74
406000409,수모루,126.524423,33.246046,8,1,1&8
406000676,수산1리 비석거리,126.88861000000001,33.443537,28,1,1&28
406001159,수산1리 노인회관,126.88278500000001,33.446637,28,1,1&28
406000673,수산2리 퐁낭거리,126.86193300000001,33.441133,52,1,1&52
406000671,수산2리 비석거리,126.865068,33.4396,52,1,1&52
406000672,수산2리사무소,126.8637,33.44195,52,1,1&52
406001186,수산2리 입구,126.87388700000001,33.438825,55,1,1&55
406000751,수산초등학교,126.88631699999999,33.44625,28,1,1&28
406000865,성읍1리,126.7997,33.3837,32,1,1&32
406000868,성읍1리,126.799925,33.392103999999996,32,1,1&32
406000340,세기아파트,126.575227,33.252678,2,1,1&2
406001276,세성로 입구,126.80199499999999,33.378629,32,1,1&32
406000199,세천동,126.675,33.275233,15,1,1&15
406000605,세화1리취락구조,126.79813700000001,33.327797,6,1,1&6
406000732,거물여,126.8007,33.332183,6,1,1&6
406001312,성산농협,126.91126799999999,33.446907,29,1,1&29
406001058,신산환승정류장(성산농협신산지점),126.876182,33.380338,42,1,1&42
406000820,성산리 취락구조,126.934417,33.466033,48,1,1&48
406001076,성산읍사무소,126.91203300000001,33.44225,29,1,1&29
406000706,성산포 수협,126.916445,33.448883,29,1,1&29
406001038,성산포수협표선지점,126.83173300000001,33.32405,30,1,1&30
406000114,종합문예진흥사업소,126.55365,33.245083,2,1,1&2
406000684,성산항,126.93008,33.470318,49,1,1&49
406000173,주공 3 4단지,126.57186499999999,33.250098,2,1,1&2
406001347,주공6단지,126.559048,33.262688,2,1,1&2
406000440,중문초등학교,126.42981699999999,33.251467,1,1,1&1
406000485,중문골프장,126.40750600000001,33.24985,1,1,1&1
406001370,중문관광단지 여미지식물원입구,126.41268000000001,33.252142,1,1,1&1
406001332,중문관광단지 여미지식물원입구,126.412636,33.251701000000004,1,1,1&1
406000014,중문관광단지입구,126.412604,33.255793,1,1,1&1
406000442,(구)중문동주민센터,126.43435,33.251033,1,1,1&1
406000690,신풍리 사무소,126.835625,33.360745,26,1,1&26
406000192,신효,126.61113300000001,33.263733,2,1,1&2
406000730,남원농협 신흥지소,126.767133,33.302417,33,1,1&33
406000721,신흥2리,126.748562,33.316092,12,1,1&12
406000766,석수동,126.754084,33.320723,11,1,1&11
406000768,신흥2리 보건진료소,126.747961,33.319699,12,1,1&12
406000720,옛성정문,126.745174,33.318169,12,1,1&12
406000724,신흥농장,126.754742,33.311956,12,1,1&12
406000939,화순환승정류장(안덕농협),126.33519,33.246655,36,1,1&36
406001206,안덕면사무소,126.329675,33.257718,36,1,1&36
406000715,안성리사무소앞,126.281276,33.249334999999995,37,1,1&37
406000743,안성리,126.281952,33.249394,37,1,1&37
406000427,앞거리,126.4275,33.2582,1,1,1&1
406000191,앞동산,126.61425,33.263767,2,1,1&2
406001179,약천사,126.45083600000001,33.242896,86,1,1&86
406000148,양가왓,126.555599,33.264209,2,1,1&2
406000147,솔대왓,126.555467,33.264067,2,1,1&2
406000334,솔동산입구,126.56368799999998,33.244608,2,1,1&2
406000663,하천리 중동,126.840617,33.347233,26,1,1&26
406001017,송천교,126.778434,33.307334000000004,33,1,1&33
406001117,수망사거리,126.712398,33.328083,20,1,1&20
406000839,하천리 마을입구,126.82333500000001,33.353968,50,1,1&50
406000661,하천리 세골세,126.84028300000001,33.34935,26,1,1&26
406000662,하천리 중동,126.840554,33.347553000000005,26,1,1&26
406001042,하천리취락구조,126.842776,33.337601,26,1,1&26
406001043,하천하동,126.844223,33.339732,26,1,1&26
406000456,용당,126.540076,33.255227000000005,8,1,1&8
406000389,플레이케이팝박물관,126.41343300000001,33.250183,1,1,1&1
406000457,용당,126.540143,33.255334000000005,8,1,1&8
406000509,한국오우퍼빌,126.571952,33.257585,2,1,1&2
406000510,한국오우퍼빌,126.57213300000001,33.257783,2,1,1&2
406000483,켄싱턴 제주호텔 입구,126.40992,33.250366,1,1,1&1
406000041,한국통신,126.51155,33.253667,8,1,1&8
406000150,서귀북초등학교,126.5594,33.260366999999995,2,1,1&2
406000330,서귀북초등학교,126.558967,33.26095,2,1,1&2
406000344,서귀포중학교,126.56906200000002,33.247683,2,1,1&2
406000077,서귀포경찰서,126.507609,33.256371,8,1,1&8
406000471,서귀포소방서,126.56781799999999,33.252315,2,1,1&2
406000412,서귀포초등학교,126.56508000000001,33.242702,2,1,1&2
406001449,서귀포초등학교,126.565071,33.243155,2,1,1&2
406001441,상천리,126.38140800000001,33.307145,25,1,1&25
406000635,새소망요양병원,126.361347,33.278826,24,1,1&24
406000486,색달,126.4057,33.25985,76,1,1&76
406000489,색달동,126.412283,33.261666999999996,1,1,1&1
406001310,색달마을 입구,126.41358799999999,33.260401,1,1,1&1
406001397,서광리 넙게오름(축협),126.318203,33.290040999999995,59,1,1&59
406000984,서광서리,126.30263300000001,33.286066999999996,14,1,1&14
406000916,대정초교후문,126.256165,33.225747999999996,34,1,1&34
406000919,상모2리,126.2578,33.223183,34,1,1&34
406000922,상모리 감협,126.262525,33.224154999999996,34,1,1&34
406000382,상예입구,126.40433999999999,33.257602,76,1,1&76
406000792,상위미,126.6545,33.288583,46,1,1&46
406000884,한남리사무소,126.69555,33.311917,19,1,1&19
406001429,원님교차로,126.70016499999998,33.305457000000004,90,1,1&90
406000886,대전동,126.700429,33.313918,19,1,1&19
406000826,성산고입구삼거리,126.909174,33.465451,29,1,1&29
406000878,원불교,126.71523300000001,33.2845,17,1,1&17
406000762,토산1리 노인회관앞,126.7704,33.329633,7,1,1&7
406000763,토산보건소 동쪽,126.76815,33.327483,7,1,1&7
406000648,토산초등학교,126.777033,33.309867,33,1,1&33
406001219,토요시장입구,126.251923,33.22129,34,1,1&34
406000306,토평마을회관,126.58975,33.270533,2,1,1&2
406000278,토평초등학교,126.59055,33.268066999999995,2,1,1&2
406000279,토평초등학교,126.58888300000001,33.268,2,1,1&2
406000385,파라다이스호텔입구,126.577004,33.247453,2,1,1&2
406000386,파라다이스호텔입구,126.57692,33.247533000000004,2,1,1&2
406000778,평지동,126.226452,33.281143,13,1,1&13
406000699,폭남동,126.773199,33.345192,31,1,1&31
406001273,표선도서관,126.838747,33.325468,30,1,1&30
406001272,표선도서관,126.83858799999999,33.324915999999995,30,1,1&30
406000851,표선파출소,126.831097,33.324064,30,1,1&30
406001040,표선리 사거리,126.8335,33.325696,30,1,1&30
406000850,표선환승정류장(표선리 제주은행),126.83321699999999,33.326617,30,1,1&30
406000845,표선중학교,126.831221,33.32826,30,1,1&30
406000840,표선청년회의소,126.82802099999999,33.337289,30,1,1&30
406000848,표선초등학교,126.836184,33.329840999999995,30,1,1&30
406000852,표선파출소,126.83073799999998,33.324207,30,1,1&30
406001037,표선파출소,126.83151699999999,33.323283,30,1,1&30
406000406,큰솔동산,126.431851,33.247423,1,1,1&1
406000056,농업기술원,126.48655,33.260816999999996,84,1,1&84
406001004,태흥초등학교,126.74501200000002,33.286351,63,1,1&63
406000760,토산1리 운동장,126.76893999999999,33.332828000000006,7,1,1&7
406000329,중앙로터리,126.56058300000001,33.25285,2,1,1&2
406000917,진개동산,126.24736499999999,33.225314000000004,34,1,1&34
406001338,진군을리,126.364125,33.283821,24,1,1&24
406000247,진학농원,126.6162,33.299817,16,1,1&16
406000034,창천리,126.370819,33.265978999999994,5,1,1&5
406000518,창천리남당물동산,126.36731699999999,33.2617,5,1,1&5
406000519,창천초등학교,126.370783,33.2641,5,1,1&5
406000528,천제연폭포,126.41898300000001,33.25395,1,1,1&1
406000415,천지연폭포입구,126.561472,33.241244,2,1,1&2
406001222,하모체육공원,126.252288,33.218752,34,1,1&34
406000371,하예중동,126.38416200000002,33.241785,10,1,1&10
406000418,송산동주민센터,126.56516,33.24445,2,1,1&2
406000368,하예하동,126.37321399999999,33.23628,9,1,1&9
406000037,하원동,126.46166699999999,33.253667,67,1,1&67
406000079,하원초등학교,126.460067,33.253167,67,1,1&67
406000653,하천리 몰고랑터,126.83679199999999,33.353815999999995,26,1,1&26
406001316,송악도서관,126.24824,33.225729,34,1,1&34
406000656,하천 상동 회관앞,126.83893300000001,33.352866999999996,26,1,1&26
406000659,하천신동산 입구,126.83925,33.351533,26,1,1&26
406000129,용천사입구,126.529524,33.261448,8,1,1&8
406000051,용흥동,126.48346299999999,33.250254,66,1,1&66
406000788,해병부대,126.26273300000001,33.231,34,1,1&34
406001211,돈내코마을,126.57365700000001,33.302902,72,1,1&72
406000090,허물서,126.473633,33.238766999999996,78,1,1&78
406000454,호근사거리,126.52753200000001,33.257331,8,1,1&8
406001070,혼인지입구,126.89906699999999,33.411217,43,1,1&43
406001065,온평리,126.895551,33.402263,43,1,1&43
406001067,온평초등학교,126.89691699999999,33.4066,43,1,1&43
406001445,올란이,126.84275600000001,33.34509,26,1,1&26
406001119,올리수,126.713967,33.3245,20,1,1&20
406001215,오설록,126.289477,33.305002,88,1,1&88
406001216,오설록,126.289152,33.305044,88,1,1&88
406000828,오조리 입구,126.91345,33.46715,29,1,1&29
406001078,오조리하동,126.91225,33.458533,29,1,1&29
406000425,오족돌,126.43218300000001,33.256516999999995,1,1,1&1
406000902,영락사통,126.207769,33.260603,22,1,1&22
406000487,색달,126.405533,33.259883,76,1,1&76
406000607,(구)화산초등학교,126.797243,33.326291,6,1,1&6
406000363,서호입구,126.52439199999999,33.247640000000004,8,1,1&8
406000441,중문초등학교,126.429883,33.25135,1,1,1&1
406000477,오렌지빌라,126.56909499999999,33.259147999999996,2,1,1&2
406000940,화순동취락지구,126.33931899999999,33.249218,36,1,1&36
406000941,화순동취락지구,126.340327,33.250063,36,1,1&36
406000741,안덕초등학교,126.33513300000001,33.250183,36,1,1&36
406000065,회수동,126.443918,33.263684999999995,65,1,1&65
406000189,효돈중학교,126.62008300000001,33.263633,2,1,1&2
406000462,효례교,126.62268700000001,33.263659000000004,2,1,1&2
406000170,효성빌라,126.57676399999998,33.251647999999996,2,1,1&2
406000171,효성빌라,126.576826,33.251872,2,1,1&2
406001085,신양리입구,126.91354,33.444806,29,1,1&29
406000658,하천리,126.839467,33.351667,26,1,1&26
406000725,방구동,126.76325200000001,33.307017,33,1,1&33
406000796,대성동,126.67665,33.2934,87,1,1&87
406000853,관통사,126.82728300000001,33.3268,30,1,1&30
406000866,성읍농협 앞,126.800798,33.390782,32,1,1&32
406000976,구억리,126.278902,33.272375,73,1,1&73
406001014,수농원,126.769737,33.302989000000004,33,1,1&33
406001141,돈물교,126.714019,33.314689,20,1,1&20
406001207,화순문화마을,126.330018,33.252697,36,1,1&36
406001239,모슬포항,126.252397,33.217541,34,1,1&34
406000089,이천장물,126.46708999999998,33.241788,78,1,1&78
406000117,남성마을입구,126.55223600000001,33.247952000000005,2,1,1&2
406000142,고래왓,126.512302,33.248487,8,1,1&8
406001030,한지동,126.811526,33.309058,64,1,1&64
406000160,함덕골,126.598083,33.243167,80,1,1&80
406001168,(구)구판장,126.79787900000001,33.329732,6,1,1&6
406000364,대평리사무소,126.36631899999999,33.238243,9,1,1&9
406001472,불미터,126.714708,33.319217,20,1,1&20
406001473,불미터,126.71481599999998,33.319429,20,1,1&20
406001474,새서귀초등학교,126.512974,33.254333,8,1,1&8
406001476,대포동,126.43181899999999,33.243006,1,1,1&1
406000304,토평마을회관,126.5898,33.271916999999995,2,1,1&2
406000252,돈내코교,126.588783,33.299617,81,1,1&81
406000287,서귀포향토오일시장,126.57398799999999,33.265644,0,1,1&0
406000333,오션팰리스호텔,126.561872,33.246031,2,1,1&2
406000470,LH아파트,126.522811,33.247249,8,1,1&8
406000531,동문로터리,126.568527,33.248595,2,1,1&2
406000644,고수동,126.755583,33.327983,11,1,1&11
406000735,진동산,126.795341,33.333163,6,1,1&6
406000812,장지동산,126.88201699999999,33.401517,47,1,1&47
406000822,성산항입구,126.92916699999999,33.468495000000004,49,1,1&49
406000836,신풍입구,126.820426,33.361309999999996,50,1,1&50
406000907,대수동,126.23362,33.239596,56,1,1&56
406000947,덕수초등학교,126.30298400000001,33.250690000000006,44,1,1&44
406000996,씨사이드홈,126.7232,33.28035,17,1,1&17
406001031,한지동,126.812233,33.309183000000004,64,1,1&64
406001055,희진주유소,126.873644,33.37661,42,1,1&42
406001088,성산환승정류장(고성리 한국물류),126.913789,33.44744,29,1,1&29
406001195,트릭아트뮤지엄,126.78673899999998,33.399488,71,1,1&71
406001479,돔뱅이왓,126.36945,33.235157,9,1,1&9
406001480,국토교통부 인재개발원,126.51523300000001,33.251908,8,1,1&8
406001481,공무원 연금공단,126.517941,33.254374,8,1,1&8
406001482,국세공무원 교육원생활관,126.519443,33.255561,8,1,1&8
406001483,국립기상과학원,126.51788799999999,33.258029,8,1,1&8
406001419,김영갑갤러리두모악,126.856839,33.37202,27,1,1&27
406000185,창남거리,126.581428,33.256236,2,1,1&2
406001484,서귀포시 중앙도서관,126.507687,33.251874,8,1,1&8
406001485,대림아파트,126.505573,33.250518,8,1,1&8
406001486,광평입구,126.35500900000001,33.330588,83,1,1&83
406001489,수산2리 퐁낭거리,126.86168400000001,33.441032,52,1,1&52
406001490,향기마을,126.790182,33.34386,51,1,1&51
406001491,향기마을,126.789709,33.344264,51,1,1&51
406001492,국세공무원 교육원 국토교통부 인재개발원,126.515524,33.254492,8,1,1&8
406001322,블랭섬 홀 아시아,126.283915,33.291151,74,1,1&74
406000180,보목입구,126.59158300000001,33.258717,2,1,1&2
406000269,동상효,126.6073,33.27965,2,1,1&2
406000285,동홍동청소년문화의집,126.568633,33.266083,2,1,1&2
406000314,강정천,126.4876,33.234017,78,1,1&78
406000123,솜반천,126.553329,33.251065000000004,2,1,1&2
406000362,서호입구,126.52424199999999,33.247568,8,1,1&8
406001118,수망가름,126.71313700000002,33.32714,20,1,1&20
406000069,제주월드컵경기장 서귀포버스터미널,126.50861699999999,33.249483000000005,8,1,1&8
406001277,세성로 입구,126.80210600000001,33.378663,32,1,1&32
406001328,군모루,126.72236699999999,33.29222,20,1,1&20
406001350,산지물,126.564699,33.265373,2,1,1&2
406001401,제주공천포 전지훈련센터,126.639471,33.274333,15,1,1&15
406001372,동홍초등학교입구,126.568483,33.258877000000005,2,1,1&2
406001415,비석거리,126.57585900000001,33.254732000000004,2,1,1&2
406001430,가시리체육공원,126.774735,33.352385,31,1,1&31
406001446,올란이,126.84266299999999,33.345017999999996,26,1,1&26
406000013,중문관광단지입구,126.412617,33.255934,1,1,1&1
406000166,라임오렌지빌,126.58700900000001,33.246865,2,1,1&2
406000218,공천포,126.64016699999999,33.26545,15,1,1&15
406001477,고수동입구,126.757056,33.322112,11,1,1&11
406001478,고수동입구,126.756635,33.321526,11,1,1&11
406001439,삼달1리사무소,126.84705500000001,33.374365000000004,27,1,1&27
406001497,삼달1리,126.84370200000001,33.376399,27,1,1&27
406001498,안덕119센터,126.32889899999999,33.250611,36,1,1&36
406001499,안덕119센터,126.329885,33.250029999999995,36,1,1&36
406001500,제주조각공원입구,126.321653,33.250638,45,1,1&45
406000243,감귤단지,126.609081,33.301274,2,1,1&2
406000514,안덕계곡,126.35336000000001,33.258162,4,1,1&4
406001086,신양입구,126.913389,33.444815000000006,29,1,1&29
406000954,신평리,126.2593,33.264666999999996,61,1,1&61
406000974,신평리 상동,126.26221699999999,33.268233,61,1,1&61
406000227,만지동,126.62658300000001,33.2929,70,1,1&70
406000230,동문정류소,126.63025,33.289317,70,1,1&70
406000234,신례하동,126.63505900000001,33.281213,70,1,1&70
406000092,섯가름,126.47582299999999,33.237028,78,1,1&78
406001261,성박물관,126.34533200000001,33.255485,4,1,1&4
406000830,성산고등학교,126.91678300000001,33.468583,29,1,1&29
406001093,성산국민체육센터,126.905883,33.46885,29,1,1&29
406001094,성산국민체육센터,126.90579299999999,33.468722,29,1,1&29
406000734,세화1리 마을회관,126.798383,33.33165,6,1,1&6
406000736,세화1리 북문,126.795377,33.332661,6,1,1&6
406000611,세화3리,126.79131399999999,33.322027,6,1,1&6
406000652,세화3리,126.789748,33.320237,6,1,1&6
406001383,소보리당,126.384185,33.264317999999996,75,1,1&75
406000009,소보리당입구,126.38201000000001,33.264191,75,1,1&75
406000026,속도르,126.469829,33.252961,66,1,1&66
406000239,위미3리,126.687078,33.275397999999996,85,1,1&85
406000074,서귀포우체국 서귀포시청 제2청사,126.51006799999999,33.255072999999996,8,1,1&8
406000063,시청후문,126.510783,33.25675,8,1,1&8
406001097,시흥리사무소,126.89845,33.4743,68,1,1&68
406001098,시흥리사무소,126.898983,33.47335,68,1,1&68
406001421,바겟도동산,126.708226,33.336912,20,1,1&20
406001423,위미농협 하례지소,126.60968000000001,33.297571999999995,2,1,1&2
406001425,장애인복지회관,126.58473000000001,33.286609999999996,3,1,1&3
406001105,거린사슴전망대,126.454733,33.307633,38,1,1&38
406001462,도린동산,126.76816399999998,33.358246,31,1,1&31
406001463,도린동산,126.76826899999999,33.358368,31,1,1&31
406001464,제3의귀교,126.71916200000001,33.31241,20,1,1&20
406001465,제3의귀교,126.71925,33.312352000000004,20,1,1&20
406001467,신흥교,126.75097099999999,33.314134,12,1,1&12
406001468,신흥교,126.750961,33.313958,12,1,1&12
406001470,모슬포항,126.252234,33.216521,34,1,1&34
406001402,송악펜션단지,126.29236499999999,33.212011,82,1,1&82
406000733,세화1리 마을회관,126.79836100000001,33.331761,6,1,1&6
406001501,제주조각공원입구,126.321998,33.250386999999996,45,1,1&45
406001424,하례2리,126.606227,33.289328000000005,2,1,1&2
406001304,미타요양원,126.852124,33.44658,91,1,1&91
406001349,이교동삼거리,126.271148,33.226244,34,1,1&34
406001391,난산리 노인복지회관,126.874027,33.400978,47,1,1&47
406001403,송악펜션단지,126.29235200000001,33.212295000000005,82,1,1&82
406001434,동하동,126.77731999999999,33.347357,31,1,1&31
406001447,동문로터리,126.56776200000002,33.24988,2,1,1&2
406001502,서광동리 웃네거리,126.32976299999999,33.294287,59,1,1&59
406001503,서광동리 웃네거리,126.33048000000001,33.294624,59,1,1&59
406001505,서복전시관,126.57018000000001,33.24519,2,1,1&2
406001516,막동산,126.52346200000001,33.256240000000005,8,1,1&8
406001517,막동산,126.523425,33.25647,8,1,1&8
406000399,아랑조을거리 입구,126.559366,33.251162,2,1,1&2
406000455,호근새마을금고,126.52756200000002,33.257446,8,1,1&8
406001506,서복전시관,126.570297,33.245088,2,1,1&2
406001507,대정농협,126.25226200000002,33.22214,34,1,1&34
406001509,위미감협,126.669247,33.281074,15,1,1&15
406001510,위미감협,126.669048,33.28115,15,1,1&15
406001508,국립기상과학원,126.51731799999999,33.258041,8,1,1&8
406001511,국세공무원 교육원생활관,126.519155,33.255628,8,1,1&8
406001512,풍천초등학교,126.850656,33.347477000000005,40,1,1&40
406001513,풍천초등학교,126.850553,33.347314000000004,40,1,1&40
406001514,활오름,126.483202,33.261195,84,1,1&84
406000125,서호북문,126.522048,33.261233000000004,8,1,1&8
406001301,수산2리 생태체험센터,126.863075,33.439251,52,1,1&52
406001399,남원2리 복지회관,126.70978000000001,33.293214,18,1,1&18
406001457,사계용해경로당,126.30848999999999,33.230810999999996,57,1,1&57
406001522,중문관광단지,126.412967,33.252383,1,1,1&1
406001220,하모체육공원,126.25209299999999,33.218455,34,1,1&34
406001235,남원포구입구,126.71772800000001,33.278872,17,1,1&17
406001519,삼달2리사무소,126.867843,33.369157,41,1,1&41
406000689,신풍리 화단이소,126.8371,33.358483,26,1,1&26
406000693,신풍리 화단이소,126.8372,33.358283,26,1,1&26
406000764,토산1리 리사무소앞,126.76573300000001,33.325953000000005,7,1,1&7
406000617,보성초등학교,126.276853,33.249333,37,1,1&37
406000609,세화3리웃동네,126.79190600000001,33.323182,6,1,1&6
406000611,세화3리중동네,126.79131399999999,33.322027,6,1,1&6
406000471,아시아CGI애니메이션센터,126.56781799999999,33.252315,2,1,1&2
406000472,아시아CGI애니메이션센터,126.567617,33.25235,2,1,1&2
406000652,세화3리삼거리,126.78974,33.320248,6,1,1&6
406000666,삼달1리 구보건진료소,126.852167,33.37325,27,1,1&27
406000667,삼달1리 구보건진료소,126.85223300000001,33.373133,27,1,1&27
406001018,산여리통입구,126.78143700000001,33.307313,33,1,1&33
406001019,산여리통입구,126.781434,33.307519,33,1,1&33
406001194,성읍 황통지,126.78723000000001,33.399462,71,1,1&71
406001195,성읍 황통지,126.786841,33.399522,71,1,1&71
406001219,방어축제의거리 입구,126.251923,33.22129,34,1,1&34
406000114,삼매봉도서관,126.55365,33.245083,2,1,1&2
406001321,브랭섬 홀 아시아,126.2848,33.291888,74,1,1&74
406001322,브랭섬 홀 아시아,126.283915,33.291151,74,1,1&74
406001438,미와미못 앞,126.843392,33.376314,27,1,1&27
406001486,광평교차로,126.35500900000001,33.330588,83,1,1&83
406001497,미와미못 앞,126.84323300000001,33.376373,27,1,1&27
406000488,색달동,126.41226699999999,33.261767,1,1,1&1
406000498,예비군훈련장,126.57490700000001,33.288083,3,1,1&3
406000503,스위트호텔,126.407669,33.249044,1,1,1&1
406000529,중문사거리,126.43151999999999,33.25164,1,1,1&1
406000618,인향동입구,126.245698,33.272659000000004,58,1,1&58
406000626,신도2리,126.175656,33.277703,92,1,1&92
406000332,오션팰리스호텔,126.56208000000001,33.246168,2,1,1&2
406000342,보목포구 입구,126.6045,33.24145,80,1,1&80
406000343,칼호텔,126.577867,33.247966999999996,2,1,1&2
406000355,거문머들,126.53424299999999,33.256875,8,1,1&8
406000392,신라호텔,126.40793500000001,33.247746,1,1,1&1
406000424,오족돌,126.43285300000001,33.256478,1,1,1&1
406000449,고갠드르,126.52411299999999,33.254612,8,1,1&8
406000484,신라호텔,126.406888,33.247476,1,1,1&1
406000632,동일2리,126.236733,33.257717,23,1,1&23
406000698,토산1리 노인회관,126.770633,33.3294,7,1,1&7
406000727,신흥1리사무소,126.765817,33.305167,33,1,1&33
406001153,위미리,126.666399,33.275726,15,1,1&15
406001157,수산초등학교,126.886159,33.446349,28,1,1&28
406001162,신례리,126.63330900000001,33.284814000000004,70,1,1&70
406001166,상위미,126.65523300000001,33.288183000000004,46,1,1&46
406000019,볼목당,126.43613300000001,33.25665,1,1,1&1
406001102,위호텔,126.45448300000001,33.285083,39,1,1&39
406001149,온평초등학교,126.897,33.40745,43,1,1&43
406000232,신례초등학교,126.63263400000001,33.285183,70,1,1&70
406000075,서귀포우체국 서귀포시청 제2청사,126.50893799999999,33.255167,8,1,1&8
406000081,머구낭동산,126.45815,33.245733,78,1,1&78
406000260,학림동,126.607056,33.290134,2,1,1&2
406000311,남주중고등학교,126.566151,33.274397,2,1,1&2
406000317,서년듸,126.49468300000001,33.23555,78,1,1&78
406000499,예비군훈련장,126.575158,33.288179,3,1,1&3
406000501,하례2리입구,126.601577,33.300713,77,1,1&77
406000627,신도2리,126.17566799999999,33.277631,92,1,1&92
406000697,표선환승정류장(표선면사무소),126.832181,33.326496999999996,30,1,1&30
406000711,서귀포버스터미널,126.50813799999999,33.248726,8,1,1&8
406000224,신례교,126.624633,33.293417,70,1,1&70
406000256,법호촌입구,126.594567,33.29065,2,1,1&2
406001100,위호텔,126.45460200000001,33.285015,39,1,1&39
406001152,위미리,126.666206,33.275698999999996,15,1,1&15
406001163,신례리,126.63338300000001,33.284717,70,1,1&70
406001214,하례2리입구,126.60208999999999,33.300613,77,1,1&77
406001256,서귀포버스터미널(가상정류소),126.509224,33.249091,8,1,1&8
406001487,보목포구(출발),126.60625900000001,33.239490999999994,80,1,1&80
406001488,서귀포버스터미널(가상정류소),126.507225,33.249848,8,1,1&8
406001466,화순해안경기안전센터 사계출장소,126.300183,33.226009999999995,57,1,1&57
406001169,인향동입구,126.246017,33.272405,58,1,1&58
406000616,토산1리 리사무소,126.76589299999999,33.325948,7,1,1&7
406001525,삼다체육공원 입구,126.51888999999998,33.251583000000004,8,1,1&8
406001526,삼다체육공원 입구,126.51863600000001,33.251594,8,1,1&8
406001527,회수마을회관,126.444658,33.263228999999995,65,1,1&65
406001528,회수마을회관,126.444718,33.263079,65,1,1&65
406001523,국세공무원 교육원 국토교통부 인재개발원,126.515534,33.254293,8,1,1&8
406001524,공무원 연금공단,126.51773100000001,33.254638,8,1,1&8
406001558,중문오일시장,126.42551499999999,33.251517,1,1,1&1
406001555,회수동,126.44419099999999,33.263934000000006,65,1,1&65
406001557,대정오일시장,126.24953700000002,33.220661,34,1,1&34
406001556,대정오일시장,126.249625,33.220856,34,1,1&34
406001564,선반로입구,126.50508899999998,33.240914000000004,8,1,1&8
406001565,위미2리 교차로,126.66166299999999,33.277755,15,1,1&15
406001567,무릉리 사장동,126.198327,33.266434000000004,21,1,1&21
406001566,위미2리 교차로,126.66319299999999,33.277599,15,1,1&15
406001570,제주신화월드 리조트,126.318099,33.303897,93,1,1&93
406001569,제주신화월드 서머셋,126.31878400000001,33.299965,93,1,1&93
406001571,제주오설록 티뮤지엄,126.288619,33.304518,88,1,1&88
406001573,제주항공우주박물관,126.301235,33.303375,94,1,1&94
406001574,제주항공우주박물관,126.301046,33.303471,94,1,1&94
406001572,오설록,126.28880500000001,33.304536999999996,88,1,1&88
406001616,서귀포동부도서관,126.607735,33.260674,2,1,1&2
406001646,도순초등학교,126.478392,33.246613,66,1,1&66
406001635,하효북문,126.617469,33.26697,2,1,1&2
406001614,중문게이트볼장,126.427989,33.262543,1,1,1&1
406001636,앞동산,126.61379299999999,33.265538,2,1,1&2
406001650,서호초등학교,126.52894599999999,33.254205,8,1,1&8
406001620,효돈농협하나로마트,126.61723799999999,33.260715999999995,2,1,1&2
406001617,서귀포동부도서관,126.608135,33.260448,2,1,1&2
406001622,맹살공원,126.62162099999999,33.263154,2,1,1&2
406001607,예담요양원,126.81632900000001,33.342259999999996,95,1,1&95
406001625,제지기오름,126.61114099999999,33.245305,2,1,1&2
406001647,도순초등학교,126.478633,33.246614,66,1,1&66
406001641,감귤박물관,126.61048999999998,33.271723,2,1,1&2
406001789,약천사(출발지),126.45061499999998,33.243357,86,1,1&86
406001542,상창교차로,126.35886299999999,33.280474,24,1,1&24
406001543,상창교차로,126.359175,33.280713,24,1,1&24
406001639,생이집동산,126.61298700000002,33.270006,2,1,1&2
406001615,중문게이트볼장,126.42804,33.262374,1,1,1&1
406001605,하례1리 복지회관,126.62893600000001,33.269054,2,1,1&2
406001637,앞동산,126.613956,33.265676,2,1,1&2
406001623,맹살공원,126.62198500000001,33.263138,2,1,1&2
406001640,감귤박물관,126.61026000000001,33.271682,2,1,1&2
406001626,쇠소깍하효항입구,126.617226,33.252905,2,1,1&2
406001624,제지기오름,126.611052,33.245489,2,1,1&2
406001648,강정의례회관,126.479556,33.238132,78,1,1&78
406001590,동광환승정류장1,126.33931799999999,33.310207,60,1,1&60
406001584,노리매,126.28754099999999,33.281187,62,1,1&62
406001531,새서귀초등학교,126.512934,33.254156,8,1,1&8
406001532,제주월드컵경기장,126.50723,33.248377000000005,8,1,1&8
406001533,제주월드컵경기장 서문,126.50686499999999,33.246471,8,1,1&8
406001534,제주월드컵경기장 서문,126.506054,33.245222,8,1,1&8
406001535,유승한내들아파트,126.50453,33.252649,8,1,1&8
406001536,유승한내들아파트,126.50443700000001,33.252459,8,1,1&8
406001537,중흥/골드클래스아파트,126.502027,33.252553000000006,8,1,1&8
406001538,중흥/골드클래스아파트,126.50220900000001,33.252741,8,1,1&8
406001540,대신중학교,126.505807,33.25595,8,1,1&8
406001581,선반로입구,126.505478,33.241377,8,1,1&8
406001600,성읍환승정류장(성읍1리사무소),126.798482,33.389471,32,1,1&32
406001599,성읍환승정류장(성읍1리사무소),126.79827,33.38943,32,1,1&32
406001601,상효원수목원,126.585753,33.305109,81,1,1&81
406001547,대정환승정류장(대정읍사무소),126.25173500000001,33.226048999999996,34,1,1&34
406001546,대정환승정류장(대정읍사무소),126.25294699999999,33.225768,34,1,1&34
406001579,예담요양원,126.816337,33.342352000000005,95,1,1&95
406001578,성산청소년수련원,126.84023,33.361441,26,1,1&26
406001521,서귀포항 입구,126.564296,33.240087,2,1,1&2
406001550,국세공무원교육원 공무원연금공단,126.518006,33.254366999999995,8,1,1&8
406001549,국세공무원교육원 공무원연금공단,126.517794,33.25463,8,1,1&8
406001577,성산청소년수련원,126.840208,33.36164,26,1,1&26
406001593,토평사거리,126.585582,33.268827,2,1,1&2
406001597,제주항공우주박물관,126.301994,33.301613,94,1,1&94
406001602,하례환승정류장(하례리입구),126.600703,33.300004,77,1,1&77
406001603,남원환승정류장(남원읍사무소),126.72081899999999,33.280625,17,1,1&17
406001604,남원환승정류장(남원읍사무소),126.72113999999999,33.280528000000004,17,1,1&17
406001802,소남동산,126.631698,33.294445,70,1,1&70
406001801,달산봉 입구,126.82603700000001,33.343208000000004,30,1,1&30
406001585,노리매,126.287351,33.281017999999996,62,1,1&62
406001587,소인국테마파크,126.320558,33.289496,59,1,1&59
406001586,소인국테마파크,126.32061999999999,33.289648,59,1,1&59
406001638,생이집동산,126.612801,33.269991,2,1,1&2
406001619,효돈축구공원,126.61121999999999,33.260483,2,1,1&2
406001632,쇠소깍 입구,126.62174099999999,33.256784,2,1,1&2
406001631,하효마을회관,126.61757800000001,33.261798999999996,2,1,1&2
406001630,하효마을회관,126.61742,33.26207,2,1,1&2
406001634,하효북문,126.61734799999999,33.266856,2,1,1&2
406001645,대천동주민센터,126.478301,33.249324,66,1,1&66
406001644,대천동주민센터,126.477944,33.249340000000004,66,1,1&66
406001660,덕수2리교차로,126.31209,33.275295,96,1,1&96
406001658,소암기념관,126.567627,33.244845,2,1,1&2
406001657,소암기념관,126.567356,33.245009,2,1,1&2
406001656,번개과학체험관,126.58620800000001,33.288905,3,1,1&3
406001655,번개과학체험관,126.586274,33.289176,3,1,1&3
406001674,보목 동동네,126.606481,33.243069,80,1,1&80
406001672,신효웃동네,126.61388400000001,33.267405,2,1,1&2
406001673,보목 동동네,126.605972,33.243053,80,1,1&80
406001663,솜반천,126.55336100000001,33.253208,2,1,1&2
406001668,흙담솔사가,126.552272,33.258707,2,1,1&2
406001665,아미휴먼빌,126.550944,33.263194,2,1,1&2
406001664,솜반천,126.55350700000001,33.253218,2,1,1&2
406001667,흙담솔사가,126.552402,33.258853,2,1,1&2
406001688,동물개동산 앞,126.431203,33.240117,1,1,1&1
406001677,남용통상,126.57898,33.290642999999996,3,1,1&3
406001678,어썸브리즈,126.27569,33.259159000000004,37,1,1&37
406001683,통물,126.531148,33.247675,8,1,1&8
406001682,통물,126.531451,33.248025,8,1,1&8
406001685,봉림사,126.540355,33.254737,8,1,1&8
406001689,동물개동산 앞,126.43105,33.240128999999996,1,1,1&1
406001680,대정읍 다목적회관,126.26694599999999,33.220940999999996,34,1,1&34
406001676,남용통상,126.57892,33.290717,3,1,1&3
406001684,봉림사,126.539955,33.254736,8,1,1&8
406001679,어썸브리즈,126.275543,33.258995,37,1,1&37
406001662,온천동,126.746554,33.319006,12,1,1&12
406001711,외돌개,126.54763500000001,33.241234999999996,79,1,1&79
406001710,석부작박물관,126.535261,33.250012,8,1,1&8
406001707,수산리사무소,126.88239499999999,33.447687,28,1,1&28
406001701,회수사거리,126.44277,33.263176,65,1,1&65
406001699,화순생태탐방로,126.332722,33.264438,89,1,1&89
406001702,강정새마을금고,126.47731399999999,33.236470000000004,78,1,1&78
406001709,석부작박물관,126.534719,33.249992,8,1,1&8
406001704,심향사,126.62208500000001,33.294391,70,1,1&70
406001713,향토오일시장,126.573495,33.266232,0,1,1&0
406001708,수산리사무소,126.88253200000001,33.447747,28,1,1&28
406001700,회수사거리,126.44233200000001,33.263360999999996,65,1,1&65
406001703,심향사,126.62173500000002,33.294565000000006,70,1,1&70
406001712,칠십리 음식특화거리,126.56914599999999,33.244089,2,1,1&2
406001723,만지동,126.62728500000001,33.29315,70,1,1&70
406001722,위미중학교,126.662462,33.280574,15,1,1&15
406001729,예래오마트,126.394256,33.249748,10,1,1&10
406001735,진양빌라,126.38736899999999,33.24349,10,1,1&10
406001733,예래생태체험관,126.38932700000001,33.244083,10,1,1&10
406001681,대정읍 다목적회관,126.26702,33.220994,34,1,1&34
406001692,제주노인복지타운,126.439072,33.254084999999996,1,1,1&1
406001691,제주노인복지타운,126.438874,33.254360999999996,1,1,1&1
406001693,정혜재활원,126.57819099999999,33.286999,3,1,1&3
406001732,예래생태체험관,126.389504,33.244261,10,1,1&10
406001728,예래오마트,126.39413,33.249719,10,1,1&10
406001734,진양빌라,126.387327,33.243596000000004,10,1,1&10
406001731,예래동노인회관,126.39303799999999,33.246675,10,1,1&10
406001730,예래동노인회관,126.39282,33.246666,10,1,1&10
406001738,도순거린내,126.474985,33.258947,66,1,1&66
406001737,도순거린내,126.473651,33.259413,66,1,1&66
406001736,제주월드컵경기장,126.507846,33.249128999999996,8,1,1&8
406001749,정방동 문화의집,126.56853000000001,33.246103000000005,2,1,1&2
406001748,정방동 문화의집,126.56835,33.246039,2,1,1&2
406001751,중문동주민센터,126.433306,33.253477000000004,1,1,1&1
406001747,서복전시관,126.570444,33.245019,2,1,1&2
406001746,안덕119센터,126.33026799999999,33.250623,36,1,1&36
406001750,중문동주민센터,126.43323799999999,33.253588,1,1,1&1
406001752,제주신화월드 리조트,126.317806,33.303875,93,1,1&93
406001753,제주신화월드 테마파크,126.315503,33.302795,93,1,1&93
406001754,제주신화월드 테마파크,126.31546000000002,33.302647,93,1,1&93
406001755,수산체육공원입구,126.85213300000001,33.450483,91,1,1&91
406001756,수산체육공원입구,126.85083,33.450326000000004,91,1,1&91
406001757,양수동 입구,126.858667,33.438539,52,1,1&52
406001726,위미3리,126.686724,33.275309,85,1,1&85
406001740,하효고막곶,126.61371899999999,33.249049,2,1,1&2
406001741,하효고막곶,126.61393899999999,33.249105,2,1,1&2
406001739,웃한길사거리,126.427163,33.259124,1,1,1&1
406001745,화순해안경비안전센터 사계출장소,126.29979399999999,33.225274,57,1,1&57
406001743,내영굴,126.786685,33.345825,51,1,1&51
406001744,내영굴,126.787095,33.345456,51,1,1&51
406001742,활오름,126.483199,33.261351,84,1,1&84
406001758,양수동 입구,126.85958600000001,33.438428,52,1,1&52
406001775,용주사,126.774073,33.317702000000004,33,1,1&33
406001779,왕대왓,126.483624,33.234338,78,1,1&78
406001774,용주사,126.774079,33.317840000000004,33,1,1&33
406001778,농협 서부지점,126.52426200000001,33.25588,8,1,1&8
406001776,소보리당입구,126.381824,33.264029,75,1,1&75
406001766,흥덕사,126.876066,33.399128000000005,47,1,1&47
406001780,왕대왓,126.48241399999999,33.234646999999995,78,1,1&78
406001764,의사 오흥태비,126.87867299999999,33.400951,47,1,1&47
406001767,흥덕사,126.876005,33.399031,47,1,1&47
406001777,농협 서부지점,126.524403,33.255881,8,1,1&8
406001763,성산보건지소,126.914953,33.446999,29,1,1&29
406001765,의사 오흥태비,126.878646,33.400782,47,1,1&47
406001653,동광환승정류장(종점),126.33936499999999,33.310204,60,1,1&60
406001654,동광환승정류장(종점),126.339323,33.310336,60,1,1&60
406001727,망동산,126.618848,33.256807,2,1,1&2
406001781,하례1리,126.629271,33.266535,2,1,1&2
406001782,하례1리,126.629048,33.266326,2,1,1&2
406001559,중문오일시장,126.42493200000001,33.25105,1,1,1&1
406001568,무릉리 사장동,126.199101,33.265918,21,1,1&21
406001606,하례1리 복지회관,126.62421499999999,33.26814,2,1,1&2
406001649,강정의례회관,126.47978799999999,33.238101,78,1,1&78
406001627,쇠소깍하효항입구,126.617199,33.25264,2,1,1&2
406001788,헬스케어타운,126.563819,33.281206,2,1,1&2
406001787,헬스케어타운,126.563652,33.28105,2,1,1&2
406001794,진부동,126.302723,33.288056,14,1,1&14
406001795,진부동,126.302872,33.288066,14,1,1&14
406001792,서광서리 3교차로,126.30065800000001,33.291078000000006,14,1,1&14
406001791,남내소,126.623822,33.269634,2,1,1&2
406001790,남내소,126.623558,33.269664,2,1,1&2
406001793,서광서리 3교차로,126.300652,33.290921000000004,14,1,1&14
406001697,성산서부게이트볼장,126.880118,33.387446999999995,42,1,1&42
406001698,성산서부게이트볼장,126.880255,33.387483,42,1,1&42
406001716,섯동네,126.796479,33.384848999999996,32,1,1&32
406001717,섯동네,126.796599,33.384766,32,1,1&32
406001714,성읍119지역센터,126.794446,33.38412,32,1,1&32
406001715,성읍119지역센터,126.79448799999999,33.384025,32,1,1&32
406001720,국제교회,126.278526,33.282030999999996,74,1,1&74
406001719,인향동,126.243801,33.276697999999996,58,1,1&58
406001721,국제교회,126.27806499999998,33.282965000000004,74,1,1&74
406001621,효돈농협하나로마트,126.617999,33.260453999999996,2,1,1&2
406001539,대신중학교,126.504995,33.256213,8,1,1&8
406001541,약천사(종점),126.450841,33.243034,86,1,1&86
406001694,화순금모래해수욕장,126.335719,33.239598,36,1,1&36
406001580,동광육거리,126.34118799999999,33.310142,60,1,1&60
406001592,토평사거리,126.585204,33.268811,2,1,1&2
406001596,제주항공우주박물관,126.301864,33.301865,94,1,1&94
406001618,효돈축구공원,126.61182,33.260711,2,1,1&2
406001659,덕수2리교차로,126.31417900000001,33.276684,96,1,1&96
406001666,아미휴먼빌,126.5511,33.263212,2,1,1&2
406001670,하효마을다목적회관,126.617577,33.258153,2,1,1&2
406001675,위미3리 마을회관,126.68906799999999,33.275121,85,1,1&85
406001671,신효웃동네,126.613625,33.267414,2,1,1&2
406001785,먼머루,126.309922,33.277081,96,1,1&96
406001784,서광서리 마을회관,126.302925,33.285068,14,1,1&14
406001783,서광서리 마을회관,126.3028,33.285036,14,1,1&14
406001786,먼머루,126.31020600000001,33.276981,96,1,1&96
406001796,하례돈야로,126.60711,33.293952000000004,2,1,1&2
406001798,강화교,126.79428500000002,33.324552000000004,6,1,1&6
406001797,강화교,126.794219,33.324612,6,1,1&6
406001800,대진유토피아,126.81477,33.342408,95,1,1&95
406001804,매일올레시장 7번입구,126.56706499999999,33.249089,2,1,1&2
406001803,소남동산,126.631869,33.294398,70,1,1&70
406001690,용운사,126.62346299999999,33.259985,2,1,1&2
406001718,제주신화월드 서머셋,126.318547,33.299902,93,1,1&93
406001570,신화역사공원,126.319668,33.305634999999995,93,1,1&93
406001833,자미성,126.661472,33.290147999999995,97,1,1&97
406001830,성읍분투왓,126.78348700000001,33.402063,71,1,1&71
406001818,동상효회전교차로,126.60591399999998,33.276806,2,1,1&2
406001817,동상효회전교차로,126.60578500000001,33.276737,2,1,1&2
406001835,위미모루왓,126.656101,33.278669,15,1,1&15
406001752,신화역사공원,126.318903,33.305132,93,1,1&93
406001805,선담밭,126.276554,33.271236,73,1,1&73
406001806,선담밭,126.276762,33.271173,73,1,1&73
406001811,의귀초등학교,126.715434,33.310413,20,1,1&20
406001810,의귀초등학교,126.715228,33.31043,20,1,1&20
406001812,KIS빌리지,126.277928,33.269328,73,1,1&73
406001813,KIS빌리지,126.27809099999999,33.269408,73,1,1&73
406001814,옛성정문,126.74511799999999,33.317629,12,1,1&12
406001815,토산1리 송천교,126.76133899999999,33.324496,7,1,1&7
406001816,토산1리 송천교,126.761417,33.324315000000006,7,1,1&7
406001828,세화3리중동네,126.791491,33.321999,6,1,1&6
406001827,세화3리웃동네,126.79206299999998,33.323152,6,1,1&6
406001836,위미모루왓,126.65626599999999,33.278687,15,1,1&15
406001819,체육공원입구,126.608309,33.274072,2,1,1&2
406001831,성읍분투왓,126.78366299999999,33.402189,71,1,1&71
406001826,화순리 동하동경로당,126.33865300000001,33.240542,36,1,1&36
406001821,삼매봉중계소입구,126.5522,33.242318,2,1,1&2
406001822,삼매봉중계소입구,126.55278500000001,33.242196,2,1,1&2
406001825,화순리 동하동경로당,126.337948,33.240218,36,1,1&36
406001829,세화3리삼거리,126.78984799999999,33.32036,6,1,1&6
406001832,자미성,126.66064399999999,33.290194,97,1,1&97
406001834,명춘동산,126.661018,33.289957,97,1,1&97
406001820,체육공원입구,126.60846000000001,33.274151,2,1,1&2
406001837,(구)화산초등학교,126.797266,33.326228,6,1,1&6
406001838,올리소,126.625997,33.301179,70,1,1&70
406001839,올리소,126.625759,33.300777000000004,70,1,1&70
406001840,천지연폭포,126.56044399999999,33.243245,2,1,1&2
406001848,옛배움터,126.844104,33.342245,26,1,1&26
406001847,옛배움터,126.844237,33.34231,26,1,1&26
406001841,"회수사거리, 연화빌",126.443771,33.262446000000004,65,1,1&65
406001842,하천리 마을입구,126.83835800000001,33.356421000000005,26,1,1&26
406001843,하천리 마을입구,126.83851399999999,33.356485,26,1,1&26
406001859,신산퐁낭거리,126.87670200000001,33.383083,42,1,1&42
406001860,추사유배지,126.279054,33.249106,37,1,1&37
406001858,신풍하동큰개,126.863937,33.362906,41,1,1&41
406001857,도래기소입구,126.83238500000002,33.361277,26,1,1&26
406001856,도래기소입구,126.83231599999999,33.361436,26,1,1&26
406001852,제주신화월드 소방서,126.307171,33.302909,94,1,1&94
406001853,제주신화월드 소방서,126.30613400000001,33.302819,94,1,1&94
406001850,수산2리 입구,126.87219499999999,33.438796999999994,55,1,1&55
406001849,수산2리 입구,126.872212,33.438924,55,1,1&55
406001851,토산2리사무소,126.779692,33.308664,33,1,1&33
406001844,진동산,126.79473600000001,33.333259000000005,6,1,1&6
406001845,중문요양원,126.43008400000001,33.262566,1,1,1&1
406001846,중문요양원,126.430098,33.262388,1,1,1&1
406000496,서귀포여자중학교,126.54642,33.254872,0,2,2&0
406000522,강창학종합경기장,126.50146299999999,33.261775,1,2,2&1
406000525,숨비나리,126.35415,33.2839,2,2,2&2
406000622,월광동,126.25509699999999,33.293112,3,2,2&3
406000782,덕수도련동,126.304423,33.26498,4,2,2&4
406000871,성읍2리,126.76987199999999,33.410117,5,2,2&5
406000872,성읍2리,126.768869,33.410880999999996,5,2,2&5
406000875,표선면 충혼묘지,126.762598,33.416133,6,2,2&6
406000893,신도3리,126.18581,33.286664,7,2,2&7
406000753,굴집터,126.863076,33.400062,8,2,2&8
406001050,고망난돌입구,126.85867900000001,33.353095,9,2,2&9
406000783,덕수도련동,126.304675,33.265046000000005,4,2,2&4
406000824,오조해녀의집,126.922533,33.468852000000005,10,2,2&10
406001183,광치기해변,126.923367,33.451425,11,2,2&11
406000912,동일1리,126.243067,33.228183,12,2,2&12
406000950,대정농공단지,126.22935,33.257467,13,2,2&13
406000980,평화의마을,126.29265,33.279666999999996,14,2,2&14
406001001,서소동,126.736052,33.283664,15,2,2&15
406001020,토산관광지구입구,126.78657199999999,33.307096,16,2,2&16
406000049,묵은길입구,126.48838300000001,33.25065,17,2,2&17
406000057,월산동,126.491708,33.259899,18,2,2&18
406000943,덕수리군물왓,126.31438100000001,33.250814,19,2,2&19
406001099,영실입구,126.45959199999999,33.333039,20,2,2&20
406001109,1100고지휴게소,126.463076,33.357816,21,2,2&21
406001112,수악교,126.61097,33.337375,22,2,2&22
406001113,태흥목장,126.68501200000001,33.379279,23,2,2&23
406001115,사리물,126.698586,33.350218,24,2,2&24
406001147,수악교,126.61036999999999,33.334694,22,2,2&22
406000219,망장포 입구,126.6345,33.264083,25,2,2&25
406001192,사농동산,126.703193,33.344225,26,2,2&26
406001202,표선허브동산,126.81598400000001,33.330702,27,2,2&27
406001228,차남동산,126.838078,33.452548,28,2,2&28
406001229,차남동산,126.838248,33.45263,28,2,2&28
406001243,성산읍공설묘지입구,126.817653,33.433643,29,2,2&29
406000007,우남동,126.39090300000001,33.264540999999994,30,2,2&30
406000237,신성동,126.69456699999999,33.274863,31,2,2&31
406000523,강창학종합경기장,126.501453,33.261619,1,2,2&1
406000613,두수동,126.76326599999999,33.351396,32,2,2&32
406000623,산양곶자왈,126.25085,33.290717,3,2,2&3
406000754,굴집터,126.862848,33.399974,8,2,2&8
406000772,경흥농원,126.738211,33.323015999999996,33,2,2&33
405001361,1100고지휴게소,126.46294499999999,33.357826,21,2,2&21
406000032,상예2동,126.37716699999999,33.264167,34,2,2&34
406000048,염돈동,126.49405,33.250116999999996,35,2,2&35
406000058,월산동,126.492222,33.26012,18,2,2&18
406001108,영실입구,126.45950900000001,33.333172,20,2,2&20
406001111,사리물,126.69815,33.35065,24,2,2&24
406001114,"남원읍 충혼묘지, 물영아리",126.692679,33.359543,36,2,2&36
406001143,"남원읍 충혼묘지, 물영아리",126.69166000000001,33.360836,36,2,2&36
406001193,사농동산,126.70398300000001,33.342791999999996,26,2,2&26
406000776,좌기동,126.234257,33.274537,37,2,2&37
406001023,샤인빌리조트입구,126.793783,33.30685,38,2,2&38
406001245,농기구수리센터,126.821518,33.329808,39,2,2&39
406001203,탄산온천,126.29808500000001,33.250453,40,2,2&40
406000236,신성동,126.695099,33.274797,31,2,2&31
406001294,탄산온천,126.297491,33.250576,40,2,2&40
406000220,망장포 입구,126.633917,33.26415,25,2,2&25
406001184,광치기해변,126.923657,33.4523,11,2,2&11
406000825,오조해녀의집,126.92231699999999,33.4687,10,2,2&10
406000894,신도3리,126.185884,33.285853,7,2,2&7
406000911,동일1리,126.242717,33.228483000000004,12,2,2&12
406000942,덕수리군물왓,126.315918,33.250640000000004,19,2,2&19
406001022,샤인빌리조트입구,126.793022,33.306665,38,2,2&38
406001033,동원산업,126.822499,33.312207,41,2,2&41
406000949,대정농공단지,126.22921699999999,33.257217,13,2,2&13
406001244,농기구수리센터,126.821716,33.329842,39,2,2&39
406001386,원물오름,126.346549,33.318295,42,2,2&42
406001432,논오름,126.333477,33.274146,43,2,2&43
406001433,논오름,126.333716,33.27432,43,2,2&43
406001436,세화3리입구,126.787989,33.333461,44,2,2&44
406001437,세화3리입구,126.78815700000001,33.333469,44,2,2&44
406001443,성산기상대관사,126.869221,33.384256,45,2,2&45
406001444,성산기상대관사,126.869,33.384126,45,2,2&45
406001450,석교동,126.34950800000001,33.310334000000005,46,2,2&46
406001451,석교동,126.34918200000001,33.310482,46,2,2&46
406001460,강다리,126.888953,33.405783,47,2,2&47
406001461,강다리,126.88896399999999,33.405929,47,2,2&47
406001201,붉은오름,126.68524599999999,33.395224,48,2,2&48
405001808,붉은오름 휴양림입구,126.682741,33.402406,49,2,2&49
406000803,이화농장,126.731567,33.324767,50,2,2&50
406000664,물진밭입구,126.86158300000001,33.371,51,2,2&51
406000620,동광단지,126.35939499999999,33.313878,52,2,2&52
406001032,동원산업,126.82211699999999,33.312272,41,2,2&41
406000869,바스메,126.778347,33.405643,53,2,2&53
406000870,바스메,126.77842199999999,33.405812,53,2,2&53
406000614,두수동,126.763364,33.351394,32,2,2&32
406000040,중문고등학교,126.4477,33.252833,54,2,2&54
406001000,서소동,126.73523300000001,33.28365,15,2,2&15
406000892,입석동,126.596733,33.31595,55,2,2&55
406001071,성산농협종합유통센터,126.90686699999999,33.425816999999995,56,2,2&56
406001072,성산농협종합유통센터,126.906709,33.425861,56,2,2&56
406001242,성산읍공설묘지입구,126.817895,33.433759,29,2,2&29
406000197,종보존연구센터,126.682,33.275933,57,2,2&57
406000198,종보존연구센터,126.681533,33.276117,57,2,2&57
406000631,좌기동,126.23404099999999,33.274696,37,2,2&37
406000039,중문고등학교,126.44858300000001,33.252761,54,2,2&54
406000612,안좌동,126.75583300000001,33.358367,58,2,2&58
406000495,서귀포여자중학교,126.547026,33.254293,0,2,2&0
406000798,한남농장,126.6814,33.299133000000005,59,2,2&59
406001021,토산관광지구입구,126.786606,33.306903999999996,16,2,2&16
406000981,평화의마을,126.29336699999999,33.27955,14,2,2&14
406000876,표선면 충혼묘지,126.762808,33.416213,6,2,2&6
406001198,표선허브동산,126.816525,33.330558,27,2,2&27
406001237,풍력생태길입구,126.824175,33.433042,60,2,2&60
406001238,풍력생태길입구,126.824125,33.433176,60,2,2&60
406000797,한남농장,126.681233,33.298583,59,2,2&59
406001144,태흥목장,126.684867,33.3798,23,2,2&23
406001265,"테디밸리 골프앤리조트, 헬로키티 아일랜드",126.35151,33.291775,61,2,2&61
406000998,진은동,126.72973300000001,33.282416999999995,62,2,2&62
406000999,진은동,126.73051699999999,33.282467,62,2,2&62
406000008,우남동,126.39088899999999,33.264316,30,2,2&30
406000773,경흥농원,126.73815,33.322917,33,2,2&33
406001064,화성농장,126.88953300000001,33.391967,63,2,2&63
406001063,화성농장,126.88933,33.391244,63,2,2&63
406000047,염돈,126.49478300000001,33.2499,35,2,2&35
406000891,입석동,126.597283,33.316367,55,2,2&55
406001049,고망난돌입구,126.858747,33.352821,9,2,2&9
406000031,상예2동,126.3772,33.2644,34,2,2&34
406000637,한밭입구,126.35806000000001,33.251063,64,2,2&64
406000638,한밭입구,126.358167,33.251417,64,2,2&64
406001471,독벌은이 동산,126.683625,33.368854999999996,65,2,2&65
406000896,신도1리,126.1915,33.2777,66,2,2&66
406000050,묵은길입구,126.488491,33.250436,17,2,2&17
406001200,붉은오름,126.685344,33.394605,48,2,2&48
406000526,숨비나리,126.35421699999999,33.284033,2,2,2&2
406000895,신도1리,126.191331,33.278407,66,2,2&66
406001515,독벌은이 동산,126.68389599999999,33.368856,65,2,2&65
405001809,붉은오름 휴양림입구,126.682768,33.403267,49,2,2&49
406001385,원물오름,126.346516,33.318603,42,2,2&42
406001258,"테디밸리 골프앤리조트, 헬로키티 아일랜드",126.351198,33.291896,61,2,2&61
406000665,물진밭입구,126.8616,33.371083,51,2,2&51
406000804,이화농장,126.7321,33.324433,50,2,2&50
406001613,유건이오름,126.84041599999999,33.416841,67,2,2&67
406001608,영주산,126.803577,33.398277,68,2,2&68
406001609,영주산,126.80370900000001,33.398133,68,2,2&68
406001529,법화사사거리,126.45946599999999,33.263055,69,2,2&69
406001530,법화사사거리,126.46136000000001,33.262995000000004,69,2,2&69
406001552,표선생활체육관,126.81678000000001,33.353294,70,2,2&70
406001551,표선생활체육관,126.81472600000001,33.353117,70,2,2&70
406001582,제주항공우주호텔,126.29523999999999,33.302121,71,2,2&71
406001589,세계자동차제주박물관,126.34913799999998,33.282185,72,2,2&72
406001591,동광단지,126.35965900000001,33.31387,52,2,2&52
406001588,세계자동차제주박물관,126.348669,33.282663,72,2,2&72
406001583,제주항공우주호텔,126.29528400000001,33.301957,71,2,2&71
406001611,모구리야영장,126.81815,33.405952,73,2,2&73
406001610,모구리야영장,126.817072,33.405592999999996,73,2,2&73
406001661,안좌동 입구,126.759701,33.357746999999996,58,2,2&58
406001686,배튼개 입구,126.44357,33.241565,74,2,2&74
406001687,배튼개 입구,126.44323600000001,33.24091,74,2,2&74
406001706,수산1리 큰동네,126.87751899999999,33.448732,75,2,2&75
406001705,수산1리 큰동네,126.877457,33.448827,75,2,2&75
406001725,휴애리 자연생활공원,126.633397,33.308134,76,2,2&76
406001724,휴애리 자연생활공원,126.63286799999999,33.308337,76,2,2&76
406001768,블루마운틴커피박물관,126.837033,33.380887,77,2,2&77
406001771,크라운골프연습장,126.80308799999999,33.339656,78,2,2&78
406001773,감귤유통센터,126.80918500000001,33.332143,79,2,2&79
406001769,블루마운틴커피박물관,126.83751799999999,33.38041,77,2,2&77
406001772,감귤유통센터,126.809095,33.332302,79,2,2&79
406001770,크라운골프연습장,126.802898,33.339791,78,2,2&78
406001553,모슬포 남항 여객선 터미널(운진항),126.25748600000001,33.211189000000005,80,2,2&80
406001554,모슬포 남항 여객선 터미널(운진항),126.25733600000001,33.210974,80,2,2&80
406001612,유건이오름,126.840217,33.416977,67,2,2&67
406001695,남영농장,126.73371499999999,33.314712,81,2,2&81
406001696,남영농장,126.73435800000001,33.314966999999996,81,2,2&81
406001563,무릉손당호,126.211272,33.271799,82,2,2&82
406001562,무릉손당호,126.211251,33.272059000000006,82,2,2&82
406001824,해양경찰청 제주수련원,126.79063000000001,33.378917,83,2,2&83
406001823,해양경찰청 제주수련원,126.79050600000001,33.379015,83,2,2&83
405002379,제주해양동물박물관,126.857525,33.429123,84,2,2&84
405002378,제주해양동물박물관,126.85718200000001,33.429075,84,2,2&84
406001854,진동산,126.827298,33.363310999999996,85,2,2&85
406001855,진동산,126.82734599999999,33.363195000000005,85,2,2&85
406000639,광평리,126.381983,33.3293,-1,4,4&-1
406001107,영실매표소,126.48021999999999,33.340251,-1,4,4&-1
406001520,한라산 둘레길,126.60585900000001,33.328117,-1,4,4&-1
406001199,선인장마을,126.85941799999999,33.394997,-1,4,4&-1
406001576,헬스케어타운리조트,126.557723,33.285964,-1,4,4&-1
406001762,백약이오름,126.79463,33.441035,-1,4,4&-1
